Draft_Year,Outcome_Season,Player,POS,Height_in,Wingspan_in,Standing_Reach_in,Hand_Length,Hand_Width,Weight_lbs,Lane_Agility_Time,Shuttle_Run,Three_Quarter_Sprint,Standing_Vertical_Leap,Max_Vertical_Leap,G,GS,MP,DWS,WS,OBPM,DBPM,BPM,Has_Preferred_Model_Inputs,Has_NBA_Outcome,Exclude_From_Modeling,Modeling_Row_DBPM,Height,Wingspan,Standing_Reach,Max_Bench_Press,Modeling_Row_DBPM_Expanded_No_Shuttle,Final_Model_Formula,Final_Model_Minutes_Restriction,Final_Model_Formula_MP100
2023,2023-24,Ben Sheppard,SG,77.25,79.75,100.0,8.5,9.5,194.6,10.88,2.98,3.17,29.5,35.5,57.0,1.0,814.0,0.4,0.8,-3.3,-0.1,-3.4,True,True,False,True,6' 5.25'',6' 7.75'',8' 4.00'',,True,DBPM ~ Hand_Width + Standing_Vertical_Leap + Lane_Agility_Time + Wingspan_in + Weight_lbs,MP >= 100,DBPM ~ Hand_Width + Standing_Vertical_Leap + Lane_Agility_Time + Wingspan_in + Weight_lbs
2023,2023-24,Brandin Podziemski,SG,75.75,77.5,96.5,8.25,10.0,203.8,11.16,3.2,3.21,31.5,39.0,74.0,28.0,1968.0,2.0,4.1,-0.5,0.4,-0.1,True,True,False,True,6' 3.75'',6' 5.50'',8' 0.50'',,True,DBPM ~ Hand_Width + Standing_Vertical_Leap + Lane_Agility_Time + Wingspan_in + Weight_lbs,MP >= 100,DBPM ~ Hand_Width + Standing_Vertical_Leap + Lane_Agility_Time + Wingspan_in + Weight_lbs
2023,2023-24,Cam Whitmore,SF,77.75,80.5,103.5,8.0,8.25,235.0,10.82,3.33,3.2,31.5,40.5,47.0,2.0,880.0,1.1,1.5,1.0,-0.9,0.1,True,True,False,True,6' 5.75'',6' 8.50'',8' 7.50'',,True,DBPM ~ Hand_Width + Standing_Vertical_Leap + Lane_Agility_Time + Wingspan_in + Weight_lbs,MP >= 100,DBPM ~ Hand_Width + Standing_Vertical_Leap + Lane_Agility_Time + Wingspan_in + Weight_lbs
2023,2023-24,Colby Jones,SG,76.5,80.0,103.0,8.25,8.5,199.2,11.14,3.13,3.33,30.5,35.0,30.0,0.0,192.0,0.2,0.0,-5.4,0.4,-5.0,True,True,False,True,6' 4.50'',6' 8.00'',8' 7.00'',,True,DBPM ~ Hand_Width + Standing_Vertical_Leap + Lane_Agility_Time + Wingspan_in + Weight_lbs,MP >= 100,DBPM ~ Hand_Width + Standing_Vertical_Leap + Lane_Agility_Time + Wingspan_in + Weight_lbs
2023,2023-24,Gradey Dick,SG,78.25,80.75,101.0,8.25,9.0,204.0,11.13,2.98,3.5,29.0,34.0,60.0,17.0,1268.0,0.4,0.3,-3.2,-2.2,-5.4,True,True,False,True,6' 6.25'',6' 8.75'',8' 5.00'',,True,DBPM ~ Hand_Width + Standing_Vertical_Leap + Lane_Agility_Time + Wingspan_in + Weight_lbs,MP >= 100,DBPM ~ Hand_Width + Standing_Vertical_Leap + Lane_Agility_Time + Wingspan_in + Weight_lbs
2023,2023-24,Jalen Pickett,PG,74.0,79.25,98.5,8.5,7.5,197.8,11.91,3.41,3.35,28.5,33.0,27.0,0.0,122.0,0.1,0.2,-2.7,-0.5,-3.3,True,True,False,True,6' 2.00'',6' 7.25'',8' 2.50'',,True,DBPM ~ Hand_Width + Standing_Vertical_Leap + Lane_Agility_Time + Wingspan_in + Weight_lbs,MP >= 100,DBPM ~ Hand_Width + Standing_Vertical_Leap + Lane_Agility_Time + Wingspan_in + Weight_lbs
2023,2023-24,Jalen Wilson,SF,77.5,80.0,99.5,8.25,9.0,230.2,11.26,3.15,3.2,31.5,35.0,43.0,3.0,664.0,0.4,1.1,-1.8,-1.1,-2.9,True,True,False,True,6' 5.50'',6' 8.00'',8' 3.50'',,True,DBPM ~ Hand_Width + Standing_Vertical_Leap + Lane_Agility_Time + Wingspan_in + Weight_lbs,MP >= 100,DBPM ~ Hand_Width + Standing_Vertical_Leap + Lane_Agility_Time + Wingspan_in + Weight_lbs
2023,2023-24,Julian Strawther,SF,78.0,81.25,105.0,8.25,8.25,208.8,10.94,3.46,3.31,27.5,34.5,50.0,0.0,545.0,0.6,0.2,-4.6,-1.4,-6.0,True,True,False,True,6' 6.00'',6' 9.25'',8' 9.00'',,True,DBPM ~ Hand_Width + Standing_Vertical_Leap + Lane_Agility_Time + Wingspan_in + Weight_lbs,MP >= 100,DBPM ~ Hand_Width + Standing_Vertical_Leap + Lane_Agility_Time + Wingspan_in + Weight_lbs
2023,2023-24,Kobe Brown,PF,78.5,84.75,106.5,8.75,9.75,252.2,11.39,3.23,3.33,28.5,32.0,44.0,0.0,394.0,0.3,0.5,-4.0,0.2,-3.8,True,True,False,True,6' 6.50'',7' 0.75'',8' 10.50'',,True,DBPM ~ Hand_Width + Standing_Vertical_Leap + Lane_Agility_Time + Wingspan_in + Weight_lbs,MP >= 100,DBPM ~ Hand_Width + Standing_Vertical_Leap + Lane_Agility_Time + Wingspan_in + Weight_lbs
2023,2023-24,Olivier-Maxence Prosper,PF,78.75,85.0,104.0,8.25,10.0,212.4,10.59,3.0,3.21,35.0,40.5,40.0,1.0,336.0,0.3,0.5,-1.7,-1.3,-2.9,True,True,False,True,6' 6.75'',7' 1.00'',8' 8.00'',,True,DBPM ~ Hand_Width + Standing_Vertical_Leap + Lane_Agility_Time + Wingspan_in + Weight_lbs,MP >= 100,DBPM ~ Hand_Width + Standing_Vertical_Leap + Lane_Agility_Time + Wingspan_in + Weight_lbs
2023,2023-24,Ricky Council IV,SF,77.0,81.0,103.0,7.75,8.5,208.0,11.2,3.21,3.33,30.5,37.0,32.0,0.0,289.0,0.3,1.0,2.1,-0.8,1.3,True,True,False,True,6' 5.00'',6' 9.00'',8' 7.00'',,True,DBPM ~ Hand_Width + Standing_Vertical_Leap + Lane_Agility_Time + Wingspan_in + Weight_lbs,MP >= 100,DBPM ~ Hand_Width + Standing_Vertical_Leap + Lane_Agility_Time + Wingspan_in + Weight_lbs
2023,2023-24,Toumani Camara,PF,79.0,84.5,107.0,9.0,10.0,220.4,10.7,3.19,3.41,28.5,33.0,70.0,49.0,1739.0,1.4,2.0,-3.1,0.0,-3.1,True,True,False,True,6' 7.00'',7' 0.50'',8' 11.00'',,True,DBPM ~ Hand_Width + Standing_Vertical_Leap + Lane_Agility_Time + Wingspan_in + Weight_lbs,MP >= 100,DBPM ~ Hand_Width + Standing_Vertical_Leap + Lane_Agility_Time + Wingspan_in + Weight_lbs
2023,2023-24,Trayce Jackson-Davis,C,80.25,85.0,106.0,9.25,10.75,240.4,11.8,3.23,3.2,33.0,36.5,68.0,16.0,1130.0,1.6,4.8,1.5,1.2,2.8,True,True,False,True,6' 8.25'',7' 1.00'',8' 10.00'',,True,DBPM ~ Hand_Width + Standing_Vertical_Leap + Lane_Agility_Time + Wingspan_in + Weight_lbs,MP >= 100,DBPM ~ Hand_Width + Standing_Vertical_Leap + Lane_Agility_Time + Wingspan_in + Weight_lbs
2023,2023-24,Tristan Vukcevic,C,83.25,86.5,111.0,9.0,10.25,223.4,11.71,3.16,3.43,26.0,30.5,10.0,4.0,153.0,0.1,0.1,-3.5,-0.1,-3.6,True,True,False,True,6' 11.25'',7' 2.50'',9' 3.00'',,True,DBPM ~ Hand_Width + Standing_Vertical_Leap + Lane_Agility_Time + Wingspan_in + Weight_lbs,MP >= 100,DBPM ~ Hand_Width + Standing_Vertical_Leap + Lane_Agility_Time + Wingspan_in + Weight_lbs
2024,2024-25,Adem Bona,C,80.25,87.75,108.0,9.5,10.0,243.2,11.01,3.01,3.15,35.0,40.0,58.0,11.0,905.0,0.9,2.3,-2.9,0.2,-2.7,True,True,False,True,,,,,True,DBPM ~ Hand_Width + Standing_Vertical_Leap + Lane_Agility_Time + Wingspan_in + Weight_lbs,MP >= 100,DBPM ~ Hand_Width + Standing_Vertical_Leap + Lane_Agility_Time + Wingspan_in + Weight_lbs
2024,2024-25,AJ Johnson,SG,76.25,80.5,102.0,8.5,8.5,167.0,10.76,2.87,3.15,29.0,38.0,29.0,11.0,639.0,0.0,-0.4,-5.6,-2.5,-8.1,True,True,False,True,,,,,True,DBPM ~ Hand_Width + Standing_Vertical_Leap + Lane_Agility_Time + Wingspan_in + Weight_lbs,MP >= 100,DBPM ~ Hand_Width + Standing_Vertical_Leap + Lane_Agility_Time + Wingspan_in + Weight_lbs
2024,2024-25,Ajay Mitchell,PG,75.25,78.25,101.0,8.5,8.5,197.0,11.12,2.95,3.11,28.0,33.5,36.0,1.0,597.0,0.9,1.5,-2.5,0.9,-1.6,True,True,False,True,,,,,True,DBPM ~ Hand_Width + Standing_Vertical_Leap + Lane_Agility_Time + Wingspan_in + Weight_lbs,MP >= 100,DBPM ~ Hand_Width + Standing_Vertical_Leap + Lane_Agility_Time + Wingspan_in + Weight_lbs
2024,2024-25,Antonio Reeves,SG,76.5,80.25,100.5,9.0,10.0,186.6,11.44,3.16,3.14,29.0,36.0,44.0,6.0,660.0,0.0,0.4,-1.2,-2.0,-3.2,True,True,False,True,,,,,True,DBPM ~ Hand_Width + Standing_Vertical_Leap + Lane_Agility_Time + Wingspan_in + Weight_lbs,MP >= 100,DBPM ~ Hand_Width + Standing_Vertical_Leap + Lane_Agility_Time + Wingspan_in + Weight_lbs
2024,2024-25,Baylor Scheierman,SF,78.25,80.25,102.5,9.25,9.75,201.6,10.89,2.94,3.09,27.5,32.0,31.0,2.0,384.0,0.5,0.7,-2.5,0.8,-1.7,True,True,False,True,,,,,True,DBPM ~ Hand_Width + Standing_Vertical_Leap + Lane_Agility_Time + Wingspan_in + Weight_lbs,MP >= 100,DBPM ~ Hand_Width + Standing_Vertical_Leap + Lane_Agility_Time + Wingspan_in + Weight_lbs
2024,2024-25,Bronny James,SG,73.5,79.25,98.5,8.5,9.5,210.4,10.96,3.02,3.09,32.0,40.5,27.0,1.0,181.0,0.2,-0.2,-5.9,-1.3,-7.2,True,True,False,True,,,,,True,DBPM ~ Hand_Width + Standing_Vertical_Leap + Lane_Agility_Time + Wingspan_in + Weight_lbs,MP >= 100,DBPM ~ Hand_Width + Standing_Vertical_Leap + Lane_Agility_Time + Wingspan_in + Weight_lbs
2024,2024-25,Cam Spencer,SG,75.0,77.0,98.5,8.5,9.75,201.8,11.07,3.0,3.35,23.0,30.5,25.0,1.0,252.0,0.2,0.8,0.3,0.2,0.5,True,True,False,True,,,,,True,DBPM ~ Hand_Width + Standing_Vertical_Leap + Lane_Agility_Time + Wingspan_in + Weight_lbs,MP >= 100,DBPM ~ Hand_Width + Standing_Vertical_Leap + Lane_Agility_Time + Wingspan_in + Weight_lbs
2024,2024-25,Cody Williams,SF,78.5,85.0,103.0,8.25,9.0,178.4,11.17,2.93,3.06,31.0,35.5,50.0,21.0,1060.0,0.1,-1.2,-6.1,-1.2,-7.3,True,True,False,True,,,,,True,DBPM ~ Hand_Width + Standing_Vertical_Leap + Lane_Agility_Time + Wingspan_in + Weight_lbs,MP >= 100,DBPM ~ Hand_Width + Standing_Vertical_Leap + Lane_Agility_Time + Wingspan_in + Weight_lbs
2024,2024-25,Dalton Knecht,SF,77.25,81.0,103.5,8.5,9.5,212.2,10.56,2.79,3.07,31.0,39.0,78.0,16.0,1494.0,1.0,2.7,-0.1,-1.7,-1.8,True,True,False,True,,,,,True,DBPM ~ Hand_Width + Standing_Vertical_Leap + Lane_Agility_Time + Wingspan_in + Weight_lbs,MP >= 100,DBPM ~ Hand_Width + Standing_Vertical_Leap + Lane_Agility_Time + Wingspan_in + Weight_lbs
2024,2024-25,Devin Carter,SG,74.25,80.75,98.0,8.75,9.0,193.0,10.63,2.9,2.87,35.0,42.0,36.0,0.0,396.0,0.4,0.4,-3.5,0.3,-3.2,True,True,False,True,,,,,True,DBPM ~ Hand_Width + Standing_Vertical_Leap + Lane_Agility_Time + Wingspan_in + Weight_lbs,MP >= 100,DBPM ~ Hand_Width + Standing_Vertical_Leap + Lane_Agility_Time + Wingspan_in + Weight_lbs
2024,2024-25,Dillon Jones,SF,76.5,83.0,100.5,9.0,9.25,236.8,11.08,2.82,3.25,26.5,33.5,54.0,3.0,552.0,0.9,0.8,-4.3,0.3,-4.0,True,True,False,True,,,,,True,DBPM ~ Hand_Width + Standing_Vertical_Leap + Lane_Agility_Time + Wingspan_in + Weight_lbs,MP >= 100,DBPM ~ Hand_Width + Standing_Vertical_Leap + Lane_Agility_Time + Wingspan_in + Weight_lbs
2024,2024-25,Donovan Clingan,C,85.75,90.75,115.0,10.0,10.25,282.0,12.06,3.38,3.46,25.5,29.0,67.0,37.0,1324.0,2.2,4.0,-1.7,1.4,-0.3,True,True,False,True,,,,,True,DBPM ~ Hand_Width + Standing_Vertical_Leap + Lane_Agility_Time + Wingspan_in + Weight_lbs,MP >= 100,DBPM ~ Hand_Width + Standing_Vertical_Leap + Lane_Agility_Time + Wingspan_in + Weight_lbs
2024,2024-25,Enrique Freeman,PF,79.25,86.0,108.0,8.75,10.0,212.0,10.99,3.04,3.26,30.5,35.0,22.0,1.0,181.0,0.1,0.2,-4.9,-1.4,-6.3,True,True,False,True,,,,,True,DBPM ~ Hand_Width + Standing_Vertical_Leap + Lane_Agility_Time + Wingspan_in + Weight_lbs,MP >= 100,DBPM ~ Hand_Width + Standing_Vertical_Leap + Lane_Agility_Time + Wingspan_in + Weight_lbs
2024,2024-25,Isaac Jones,C,79.75,87.0,108.0,9.25,10.25,235.0,11.49,3.0,3.38,29.0,35.0,40.0,0.0,304.0,0.2,0.7,-0.9,-0.8,-1.7,True,True,False,True,,,,,True,DBPM ~ Hand_Width + Standing_Vertical_Leap + Lane_Agility_Time + Wingspan_in + Weight_lbs,MP >= 100,DBPM ~ Hand_Width + Standing_Vertical_Leap + Lane_Agility_Time + Wingspan_in + Weight_lbs
2024,2024-25,Isaiah Collier,PG,74.5,76.75,97.5,8.5,9.0,204.6,10.77,2.9,3.04,30.0,34.0,71.0,46.0,1839.0,0.5,-0.8,-3.8,-1.5,-5.3,True,True,False,True,,,,,True,DBPM ~ Hand_Width + Standing_Vertical_Leap + Lane_Agility_Time + Wingspan_in + Weight_lbs,MP >= 100,DBPM ~ Hand_Width + Standing_Vertical_Leap + Lane_Agility_Time + Wingspan_in + Weight_lbs
2024,2024-25,Ja'Kobe Walter,SG,76.25,82.0,102.5,8.75,9.75,197.6,11.0,2.92,3.04,30.5,38.5,52.0,18.0,1103.0,0.9,1.2,-2.3,-0.6,-3.0,True,True,False,True,,,,,True,DBPM ~ Hand_Width + Standing_Vertical_Leap + Lane_Agility_Time + Wingspan_in + Weight_lbs,MP >= 100,DBPM ~ Hand_Width + Standing_Vertical_Leap + Lane_Agility_Time + Wingspan_in + Weight_lbs
2024,2024-25,Jamal Shead,PG,72.25,75.0,96.0,8.25,8.75,200.8,10.87,2.87,2.94,30.0,37.5,75.0,11.0,1467.0,1.1,0.8,-3.2,-0.9,-4.1,True,True,False,True,,,,,True,DBPM ~ Hand_Width + Standing_Vertical_Leap + Lane_Agility_Time + Wingspan_in + Weight_lbs,MP >= 100,DBPM ~ Hand_Width + Standing_Vertical_Leap + Lane_Agility_Time + Wingspan_in + Weight_lbs
2024,2024-25,Jared McCain,SG,74.0,75.5,98.0,8.25,9.5,203.2,10.87,3.07,3.23,25.5,33.0,23.0,8.0,592.0,0.1,0.7,1.8,-1.6,0.2,True,True,False,True,,,,,True,DBPM ~ Hand_Width + Standing_Vertical_Leap + Lane_Agility_Time + Wingspan_in + Weight_lbs,MP >= 100,DBPM ~ Hand_Width + Standing_Vertical_Leap + Lane_Agility_Time + Wingspan_in + Weight_lbs
2024,2024-25,Jaylen Wells,SF,78.5,79.25,103.5,8.25,9.25,206.2,11.28,3.03,3.08,27.5,36.0,79.0,74.0,2043.0,1.4,3.5,-1.2,-1.0,-2.2,True,True,False,True,,,,,True,DBPM ~ Hand_Width + Standing_Vertical_Leap + Lane_Agility_Time + Wingspan_in + Weight_lbs,MP >= 100,DBPM ~ Hand_Width + Standing_Vertical_Leap + Lane_Agility_Time + Wingspan_in + Weight_lbs
2024,2024-25,Jaylon Tyson,SF,77.5,80.0,102.5,8.25,9.5,218.2,11.13,3.06,3.12,29.5,36.5,47.0,3.0,453.0,0.5,0.8,-2.4,-0.2,-2.7,True,True,False,True,,,,,True,DBPM ~ Hand_Width + Standing_Vertical_Leap + Lane_Agility_Time + Wingspan_in + Weight_lbs,MP >= 100,DBPM ~ Hand_Width + Standing_Vertical_Leap + Lane_Agility_Time + Wingspan_in + Weight_lbs
2024,2024-25,Johnny Furphy,SF,79.5,80.0,104.5,8.0,9.5,188.8,11.15,3.17,3.2,25.5,32.0,50.0,0.0,379.0,0.5,0.5,-3.0,0.6,-2.5,True,True,False,True,,,,,True,DBPM ~ Hand_Width + Standing_Vertical_Leap + Lane_Agility_Time + Wingspan_in + Weight_lbs,MP >= 100,DBPM ~ Hand_Width + Standing_Vertical_Leap + Lane_Agility_Time + Wingspan_in + Weight_lbs
2024,2024-25,Jonathan Mogbo,PF,78.25,86.0,108.5,8.75,8.75,217.2,11.14,3.07,3.02,31.5,37.5,63.0,18.0,1286.0,1.6,1.9,-2.9,1.0,-1.9,True,True,False,True,,,,,True,DBPM ~ Hand_Width + Standing_Vertical_Leap + Lane_Agility_Time + Wingspan_in + Weight_lbs,MP >= 100,DBPM ~ Hand_Width + Standing_Vertical_Leap + Lane_Agility_Time + Wingspan_in + Weight_lbs
2024,2024-25,Justin Edwards,SF,78.0,82.0,102.5,8.75,8.75,209.4,12.07,3.22,3.18,28.0,32.5,44.0,26.0,1155.0,0.5,0.9,-2.1,-1.6,-3.7,True,True,False,True,,,,,True,DBPM ~ Hand_Width + Standing_Vertical_Leap + Lane_Agility_Time + Wingspan_in + Weight_lbs,MP >= 100,DBPM ~ Hand_Width + Standing_Vertical_Leap + Lane_Agility_Time + Wingspan_in + Weight_lbs
2024,2024-25,Kel'el Ware,C,83.75,88.5,112.5,9.5,10.25,230.0,10.97,2.91,3.29,32.5,36.0,64.0,36.0,1422.0,2.5,4.1,-0.7,0.6,-0.1,True,True,False,True,,,,,True,DBPM ~ Hand_Width + Standing_Vertical_Leap + Lane_Agility_Time + Wingspan_in + Weight_lbs,MP >= 100,DBPM ~ Hand_Width + Standing_Vertical_Leap + Lane_Agility_Time + Wingspan_in + Weight_lbs
2024,2024-25,KJ Simpson,PG,72.25,76.5,93.5,8.25,9.25,187.0,10.49,2.98,3.24,32.5,40.5,36.0,15.0,842.0,0.5,-0.4,-4.5,-0.9,-5.4,True,True,False,True,,,,,True,DBPM ~ Hand_Width + Standing_Vertical_Leap + Lane_Agility_Time + Wingspan_in + Weight_lbs,MP >= 100,DBPM ~ Hand_Width + Standing_Vertical_Leap + Lane_Agility_Time + Wingspan_in + Weight_lbs
2024,2024-25,Kyle Filipowski,PF,82.75,82.5,107.0,8.75,9.5,229.8,11.43,2.93,3.19,27.0,32.5,72.0,27.0,1522.0,1.0,2.5,-0.6,-0.3,-1.0,True,True,False,True,,,,,True,DBPM ~ Hand_Width + Standing_Vertical_Leap + Lane_Agility_Time + Wingspan_in + Weight_lbs,MP >= 100,DBPM ~ Hand_Width + Standing_Vertical_Leap + Lane_Agility_Time + Wingspan_in + Weight_lbs
2024,2024-25,Kyshawn George,SF,79.0,82.25,105.0,9.0,10.25,208.8,11.9,2.91,3.32,27.0,32.0,68.0,38.0,1802.0,1.1,0.1,-3.8,-0.3,-4.1,True,True,False,True,,,,,True,DBPM ~ Hand_Width + Standing_Vertical_Leap + Lane_Agility_Time + Wingspan_in + Weight_lbs,MP >= 100,DBPM ~ Hand_Width + Standing_Vertical_Leap + Lane_Agility_Time + Wingspan_in + Weight_lbs
2024,2024-25,Matas Buzelis,SF,80.75,82.0,105.5,8.5,9.25,197.0,10.73,2.9,3.09,31.0,38.0,80.0,31.0,1511.0,1.4,1.9,-2.0,-0.5,-2.5,True,True,False,True,,,,,True,DBPM ~ Hand_Width + Standing_Vertical_Leap + Lane_Agility_Time + Wingspan_in + Weight_lbs,MP >= 100,DBPM ~ Hand_Width + Standing_Vertical_Leap + Lane_Agility_Time + Wingspan_in + Weight_lbs
2024,2024-25,Oso Ighodaro,C,81.5,83.0,104.5,9.0,10.0,222.0,11.25,3.12,3.09,35.0,39.5,61.0,6.0,1045.0,0.6,1.6,-2.9,0.3,-2.6,True,True,False,True,,,,,True,DBPM ~ Hand_Width + Standing_Vertical_Leap + Lane_Agility_Time + Wingspan_in + Weight_lbs,MP >= 100,DBPM ~ Hand_Width + Standing_Vertical_Leap + Lane_Agility_Time + Wingspan_in + Weight_lbs
2024,2024-25,Pacome Dadiet,SF,79.75,81.0,107.5,8.5,9.0,216.8,11.84,2.94,3.21,29.0,36.0,18.0,0.0,111.0,0.1,0.0,-4.9,-1.5,-6.5,True,True,False,True,,,,,True,DBPM ~ Hand_Width + Standing_Vertical_Leap + Lane_Agility_Time + Wingspan_in + Weight_lbs,MP >= 100,DBPM ~ Hand_Width + Standing_Vertical_Leap + Lane_Agility_Time + Wingspan_in + Weight_lbs
2024,2024-25,Pelle Larsson,SG,77.25,79.5,102.0,8.75,10.25,212.4,11.15,2.91,3.06,30.5,38.0,55.0,8.0,782.0,0.8,1.4,-3.8,0.7,-3.1,True,True,False,True,,,,,True,DBPM ~ Hand_Width + Standing_Vertical_Leap + Lane_Agility_Time + Wingspan_in + Weight_lbs,MP >= 100,DBPM ~ Hand_Width + Standing_Vertical_Leap + Lane_Agility_Time + Wingspan_in + Weight_lbs
2024,2024-25,Quinten Post,C,84.0,86.5,112.0,9.25,10.0,244.4,11.48,3.03,3.4,24.0,27.0,42.0,14.0,686.0,0.9,1.7,0.1,0.0,0.1,True,True,False,True,,,,,True,DBPM ~ Hand_Width + Standing_Vertical_Leap + Lane_Agility_Time + Wingspan_in + Weight_lbs,MP >= 100,DBPM ~ Hand_Width + Standing_Vertical_Leap + Lane_Agility_Time + Wingspan_in + Weight_lbs
2024,2024-25,Reece Beekman,PG,73.25,78.5,100.0,8.5,9.0,196.4,10.86,3.08,2.94,30.0,36.5,36.0,4.0,469.0,0.5,0.1,-6.7,1.3,-5.4,True,True,False,True,,,,,True,DBPM ~ Hand_Width + Standing_Vertical_Leap + Lane_Agility_Time + Wingspan_in + Weight_lbs,MP >= 100,DBPM ~ Hand_Width + Standing_Vertical_Leap + Lane_Agility_Time + Wingspan_in + Weight_lbs
2024,2024-25,Reed Sheppard,PG,73.75,75.25,93.5,7.75,9.0,181.6,10.96,3.03,3.08,32.5,42.0,52.0,3.0,654.0,1.0,0.8,-3.0,1.3,-1.7,True,True,False,True,,,,,True,DBPM ~ Hand_Width + Standing_Vertical_Leap + Lane_Agility_Time + Wingspan_in + Weight_lbs,MP >= 100,DBPM ~ Hand_Width + Standing_Vertical_Leap + Lane_Agility_Time + Wingspan_in + Weight_lbs
2024,2024-25,Ryan Dunn,PF,78.25,85.5,103.0,9.0,9.75,213.6,10.99,2.88,3.12,32.0,38.5,74.0,44.0,1410.0,0.7,1.0,-2.9,-1.2,-4.1,True,True,False,True,,,,,True,DBPM ~ Hand_Width + Standing_Vertical_Leap + Lane_Agility_Time + Wingspan_in + Weight_lbs,MP >= 100,DBPM ~ Hand_Width + Standing_Vertical_Leap + Lane_Agility_Time + Wingspan_in + Weight_lbs
2024,2024-25,Stephon Castle,SG,77.5,81.0,102.0,8.75,8.75,210.0,10.93,2.91,3.19,28.5,37.0,81.0,47.0,2162.0,1.0,1.1,-1.5,-1.7,-3.2,True,True,False,True,,,,,True,DBPM ~ Hand_Width + Standing_Vertical_Leap + Lane_Agility_Time + Wingspan_in + Weight_lbs,MP >= 100,DBPM ~ Hand_Width + Standing_Vertical_Leap + Lane_Agility_Time + Wingspan_in + Weight_lbs
2024,2024-25,Tidjane Salaun,PF,80.75,85.5,110.0,8.5,9.75,217.4,11.45,3.05,3.37,27.5,32.0,60.0,10.0,1244.0,0.9,0.0,-4.3,-0.8,-5.2,True,True,False,True,,,,,True,DBPM ~ Hand_Width + Standing_Vertical_Leap + Lane_Agility_Time + Wingspan_in + Weight_lbs,MP >= 100,DBPM ~ Hand_Width + Standing_Vertical_Leap + Lane_Agility_Time + Wingspan_in + Weight_lbs
2024,2024-25,Trey Alexander,SG,75.25,82.5,101.5,8.75,10.0,187.0,11.37,2.92,3.21,26.5,32.0,24.0,0.0,117.0,0.0,-0.2,-7.9,-1.8,-9.7,True,True,False,True,,,,,True,DBPM ~ Hand_Width + Standing_Vertical_Leap + Lane_Agility_Time + Wingspan_in + Weight_lbs,MP >= 100,DBPM ~ Hand_Width + Standing_Vertical_Leap + Lane_Agility_Time + Wingspan_in + Weight_lbs
2024,2024-25,Tristan Da Silva,PF,80.25,82.25,104.5,9.0,9.5,216.8,10.81,2.82,3.09,28.5,35.5,74.0,38.0,1629.0,1.9,2.5,-2.3,-0.3,-2.6,True,True,False,True,,,,,True,DBPM ~ Hand_Width + Standing_Vertical_Leap + Lane_Agility_Time + Wingspan_in + Weight_lbs,MP >= 100,DBPM ~ Hand_Width + Standing_Vertical_Leap + Lane_Agility_Time + Wingspan_in + Weight_lbs
2024,2024-25,Tyler Kolek,PG,73.25,74.75,95.0,8.25,9.5,196.6,10.97,3.08,3.27,27.0,34.0,41.0,0.0,296.0,0.3,0.4,-2.6,-0.3,-2.8,True,True,False,True,,,,,True,DBPM ~ Hand_Width + Standing_Vertical_Leap + Lane_Agility_Time + Wingspan_in + Weight_lbs,MP >= 100,DBPM ~ Hand_Width + Standing_Vertical_Leap + Lane_Agility_Time + Wingspan_in + Weight_lbs
2024,2024-25,Tyler Smith,PF,81.0,85.0,105.0,8.5,9.0,223.8,10.74,2.99,3.28,32.0,38.0,23.0,0.0,122.0,0.1,0.2,0.4,-1.2,-0.9,True,True,False,True,,,,,True,DBPM ~ Hand_Width + Standing_Vertical_Leap + Lane_Agility_Time + Wingspan_in + Weight_lbs,MP >= 100,DBPM ~ Hand_Width + Standing_Vertical_Leap + Lane_Agility_Time + Wingspan_in + Weight_lbs
2024,2024-25,Yves Missi,C,82.75,86.0,109.5,9.5,10.0,229.4,11.45,3.12,3.12,31.0,38.5,73.0,67.0,1956.0,1.1,3.6,-1.6,-1.4,-3.0,True,True,False,True,,,,,True,DBPM ~ Hand_Width + Standing_Vertical_Leap + Lane_Agility_Time + Wingspan_in + Weight_lbs,MP >= 100,DBPM ~ Hand_Width + Standing_Vertical_Leap + Lane_Agility_Time + Wingspan_in + Weight_lbs
2024,2024-25,Zaccharie Risacher,SF,80.5,81.5,107.0,8.5,8.75,194.6,11.51,2.97,3.38,25.0,31.0,75.0,73.0,1843.0,1.1,1.8,-1.7,-1.8,-3.5,True,True,False,True,,,,,True,DBPM ~ Hand_Width + Standing_Vertical_Leap + Lane_Agility_Time + Wingspan_in + Weight_lbs,MP >= 100,DBPM ~ Hand_Width + Standing_Vertical_Leap + Lane_Agility_Time + Wingspan_in + Weight_lbs
2024,2024-25,Zach Edey,C,87.75,94.75,115.0,10.0,10.75,299.0,11.19,3.01,3.42,26.0,31.5,66.0,55.0,1416.0,2.2,4.9,-0.2,0.1,-0.1,True,True,False,True,,,,,True,DBPM ~ Hand_Width + Standing_Vertical_Leap + Lane_Agility_Time + Wingspan_in + Weight_lbs,MP >= 100,DBPM ~ Hand_Width + Standing_Vertical_Leap + Lane_Agility_Time + Wingspan_in + Weight_lbs
2025,2025-26,Ace Bailey,,79.5,84.5,107.0,8.5,9.0,202.8,10.97,2.78,,27.5,,72.0,61.0,1988.0,0.3,-0.1,,-2.5,,True,True,False,True,,,,,True,DBPM ~ Hand_Width + Standing_Vertical_Leap + Lane_Agility_Time + Wingspan_in + Weight_lbs,MP >= 100,DBPM ~ Hand_Width + Standing_Vertical_Leap + Lane_Agility_Time + Wingspan_in + Weight_lbs
2025,2025-26,Asa Newell,,81.0,83.25,107.5,9.25,10.0,233.8,10.95,2.78,,29.5,,44.0,2.0,500.0,0.6,1.2,,-0.5,,True,True,False,True,,,,,True,DBPM ~ Hand_Width + Standing_Vertical_Leap + Lane_Agility_Time + Wingspan_in + Weight_lbs,MP >= 100,DBPM ~ Hand_Width + Standing_Vertical_Leap + Lane_Agility_Time + Wingspan_in + Weight_lbs
2025,2025-26,Carter Bryant,,78.5,83.75,106.0,8.5,9.5,214.8,11.25,3.14,,30.5,,71.0,0.0,818.0,1.2,1.3,,0.2,,True,True,False,True,,,,,True,DBPM ~ Hand_Width + Standing_Vertical_Leap + Lane_Agility_Time + Wingspan_in + Weight_lbs,MP >= 100,DBPM ~ Hand_Width + Standing_Vertical_Leap + Lane_Agility_Time + Wingspan_in + Weight_lbs
2025,2025-26,Cedric Coward,,77.25,86.25,106.0,9.25,10.0,213.0,10.97,3.02,,32.5,,62.0,47.0,1598.0,1.1,2.5,,-0.6,,True,True,False,True,,,,,True,DBPM ~ Hand_Width + Standing_Vertical_Leap + Lane_Agility_Time + Wingspan_in + Weight_lbs,MP >= 100,DBPM ~ Hand_Width + Standing_Vertical_Leap + Lane_Agility_Time + Wingspan_in + Weight_lbs
2025,2025-26,Chaz Lanier,,75.75,81.0,101.5,8.5,9.75,205.8,10.53,2.96,,33.0,,34.0,0.0,262.0,0.3,0.3,,-1.3,,True,True,False,True,,,,,True,DBPM ~ Hand_Width + Standing_Vertical_Leap + Lane_Agility_Time + Wingspan_in + Weight_lbs,MP >= 100,DBPM ~ Hand_Width + Standing_Vertical_Leap + Lane_Agility_Time + Wingspan_in + Weight_lbs
2025,2025-26,Collin Murray-Boyles,,78.5,84.75,106.0,8.5,10.25,239.2,11.21,2.86,,29.5,,57.0,22.0,1246.0,1.9,4.0,,1.5,,True,True,False,True,,,,,True,DBPM ~ Hand_Width + Standing_Vertical_Leap + Lane_Agility_Time + Wingspan_in + Weight_lbs,MP >= 100,DBPM ~ Hand_Width + Standing_Vertical_Leap + Lane_Agility_Time + Wingspan_in + Weight_lbs
2025,2025-26,Cooper Flagg,,79.75,84.0,106.5,8.75,9.75,221.0,10.64,2.92,,29.0,,70.0,70.0,2344.0,2.5,3.8,,0.4,,True,True,False,True,,,,,True,DBPM ~ Hand_Width + Standing_Vertical_Leap + Lane_Agility_Time + Wingspan_in + Weight_lbs,MP >= 100,DBPM ~ Hand_Width + Standing_Vertical_Leap + Lane_Agility_Time + Wingspan_in + Weight_lbs
2025,2025-26,Danny Wolf,,82.5,86.25,109.0,9.25,9.75,251.8,11.26,2.91,,24.0,,57.0,15.0,1187.0,1.0,0.8,,-0.3,,True,True,False,True,,,,,True,DBPM ~ Hand_Width + Standing_Vertical_Leap + Lane_Agility_Time + Wingspan_in + Weight_lbs,MP >= 100,DBPM ~ Hand_Width + Standing_Vertical_Leap + Lane_Agility_Time + Wingspan_in + Weight_lbs
2025,2025-26,Derik Queen,,81.25,84.5,109.5,9.0,9.5,247.8,12.45,3.27,,23.5,,81.0,48.0,2023.0,2.3,2.7,,0.7,,True,True,False,True,,,,,True,DBPM ~ Hand_Width + Standing_Vertical_Leap + Lane_Agility_Time + Wingspan_in + Weight_lbs,MP >= 100,DBPM ~ Hand_Width + Standing_Vertical_Leap + Lane_Agility_Time + Wingspan_in + Weight_lbs
2025,2025-26,Drake Powell,,77.25,84.0,103.0,8.75,10.0,200.4,10.71,2.79,,37.5,,63.0,24.0,1320.0,0.5,-0.1,,-1.3,,True,True,False,True,,,,,True,DBPM ~ Hand_Width + Standing_Vertical_Leap + Lane_Agility_Time + Wingspan_in + Weight_lbs,MP >= 100,DBPM ~ Hand_Width + Standing_Vertical_Leap + Lane_Agility_Time + Wingspan_in + Weight_lbs
2025,2025-26,Dylan Harper,,76.5,82.5,102.0,9.25,9.25,213.2,11.07,3.05,,30.5,,69.0,4.0,1558.0,2.2,4.2,,1.1,,True,True,False,True,,,,,True,DBPM ~ Hand_Width + Standing_Vertical_Leap + Lane_Agility_Time + Wingspan_in + Weight_lbs,MP >= 100,DBPM ~ Hand_Width + Standing_Vertical_Leap + Lane_Agility_Time + Wingspan_in + Weight_lbs
2025,2025-26,Egor Demin,,80.25,82.25,105.5,8.25,9.25,199.2,11.31,2.93,,26.5,,52.0,45.0,1308.0,0.7,0.9,,-0.7,,True,True,False,True,,,,,True,DBPM ~ Hand_Width + Standing_Vertical_Leap + Lane_Agility_Time + Wingspan_in + Weight_lbs,MP >= 100,DBPM ~ Hand_Width + Standing_Vertical_Leap + Lane_Agility_Time + Wingspan_in + Weight_lbs
2025,2025-26,Jamir Watkins,,77.0,83.25,102.5,9.25,9.75,214.6,11.19,3.21,,31.5,,50.0,7.0,1032.0,0.5,1.1,,-0.5,,True,True,False,True,,,,,True,DBPM ~ Hand_Width + Standing_Vertical_Leap + Lane_Agility_Time + Wingspan_in + Weight_lbs,MP >= 100,DBPM ~ Hand_Width + Standing_Vertical_Leap + Lane_Agility_Time + Wingspan_in + Weight_lbs
2025,2025-26,Jase Richardson,,72.5,78.0,98.5,8.5,9.5,178.4,10.97,3.08,,30.5,,54.0,0.0,587.0,0.5,1.0,,-0.7,,True,True,False,True,,,,,True,DBPM ~ Hand_Width + Standing_Vertical_Leap + Lane_Agility_Time + Wingspan_in + Weight_lbs,MP >= 100,DBPM ~ Hand_Width + Standing_Vertical_Leap + Lane_Agility_Time + Wingspan_in + Weight_lbs
2025,2025-26,Javon Small,,73.0,76.75,96.0,8.25,9.75,190.0,10.74,2.87,,33.0,,41.0,12.0,830.0,0.5,1.9,,-0.6,,True,True,False,True,,,,,True,DBPM ~ Hand_Width + Standing_Vertical_Leap + Lane_Agility_Time + Wingspan_in + Weight_lbs,MP >= 100,DBPM ~ Hand_Width + Standing_Vertical_Leap + Lane_Agility_Time + Wingspan_in + Weight_lbs
2025,2025-26,Jeremiah Fears,,74.5,77.25,98.5,8.25,9.25,179.6,10.95,3.09,,32.5,,82.0,49.0,2112.0,1.4,0.6,,-1.3,,True,True,False,True,,,,,True,DBPM ~ Hand_Width + Standing_Vertical_Leap + Lane_Agility_Time + Wingspan_in + Weight_lbs,MP >= 100,DBPM ~ Hand_Width + Standing_Vertical_Leap + Lane_Agility_Time + Wingspan_in + Weight_lbs
2025,2025-26,Kam Jones,,75.25,78.0,100.5,8.25,8.5,202.4,11.42,3.11,,24.5,,37.0,7.0,616.0,0.2,0.0,,-1.9,,True,True,False,True,,,,,True,DBPM ~ Hand_Width + Standing_Vertical_Leap + Lane_Agility_Time + Wingspan_in + Weight_lbs,MP >= 100,DBPM ~ Hand_Width + Standing_Vertical_Leap + Lane_Agility_Time + Wingspan_in + Weight_lbs
2025,2025-26,Kasparas Jakucionis,,76.75,79.75,99.5,8.5,9.75,205.2,10.99,2.82,,28.5,,53.0,12.0,945.0,0.9,2.3,,0.6,,True,True,False,True,,,,,True,DBPM ~ Hand_Width + Standing_Vertical_Leap + Lane_Agility_Time + Wingspan_in + Weight_lbs,MP >= 100,DBPM ~ Hand_Width + Standing_Vertical_Leap + Lane_Agility_Time + Wingspan_in + Weight_lbs
2025,2025-26,Khaman Maluach,,84.75,90.75,114.0,9.75,10.25,252.8,12.05,3.44,,24.0,,46.0,1.0,411.0,0.6,0.8,,0.0,,True,True,False,True,,,,,True,DBPM ~ Hand_Width + Standing_Vertical_Leap + Lane_Agility_Time + Wingspan_in + Weight_lbs,MP >= 100,DBPM ~ Hand_Width + Standing_Vertical_Leap + Lane_Agility_Time + Wingspan_in + Weight_lbs
2025,2025-26,Kon Knueppel,,77.0,78.25,101.5,8.5,9.75,219.0,11.92,2.92,,31.5,,81.0,80.0,2551.0,2.5,8.0,,-0.4,,True,True,False,True,,,,,True,DBPM ~ Hand_Width + Standing_Vertical_Leap + Lane_Agility_Time + Wingspan_in + Weight_lbs,MP >= 100,DBPM ~ Hand_Width + Standing_Vertical_Leap + Lane_Agility_Time + Wingspan_in + Weight_lbs
2025,2025-26,Liam McNeeley,,78.75,80.5,99.5,8.75,10.0,214.6,11.11,2.75,,30.5,,31.0,0.0,368.0,0.4,0.9,,0.0,,True,True,False,True,,,,,True,DBPM ~ Hand_Width + Standing_Vertical_Leap + Lane_Agility_Time + Wingspan_in + Weight_lbs,MP >= 100,DBPM ~ Hand_Width + Standing_Vertical_Leap + Lane_Agility_Time + Wingspan_in + Weight_lbs
2025,2025-26,Maxime Raynaud,,84.25,85.25,110.0,9.0,10.25,236.8,11.31,3.16,,28.0,,74.0,56.0,1964.0,1.0,3.6,,-1.6,,True,True,False,True,,,,,True,DBPM ~ Hand_Width + Standing_Vertical_Leap + Lane_Agility_Time + Wingspan_in + Weight_lbs,MP >= 100,DBPM ~ Hand_Width + Standing_Vertical_Leap + Lane_Agility_Time + Wingspan_in + Weight_lbs
2025,2025-26,Nique Clifford,,77.25,80.0,102.5,8.25,8.5,202.0,10.87,2.96,,31.0,,75.0,28.0,1882.0,0.6,-0.6,,-1.2,,True,True,False,True,,,,,True,DBPM ~ Hand_Width + Standing_Vertical_Leap + Lane_Agility_Time + Wingspan_in + Weight_lbs,MP >= 100,DBPM ~ Hand_Width + Standing_Vertical_Leap + Lane_Agility_Time + Wingspan_in + Weight_lbs
2025,2025-26,Rasheer Fleming,,80.25,89.25,109.0,9.5,9.5,232.4,10.95,2.72,,27.0,,55.0,1.0,673.0,0.8,0.8,,-0.7,,True,True,False,True,,,,,True,DBPM ~ Hand_Width + Standing_Vertical_Leap + Lane_Agility_Time + Wingspan_in + Weight_lbs,MP >= 100,DBPM ~ Hand_Width + Standing_Vertical_Leap + Lane_Agility_Time + Wingspan_in + Weight_lbs
2025,2025-26,Ryan Kalkbrenner,,85.0,90.0,112.0,9.25,11.25,257.4,12.05,3.1,,29.0,,69.0,31.0,1479.0,2.1,5.7,,1.3,,True,True,False,True,,,,,True,DBPM ~ Hand_Width + Standing_Vertical_Leap + Lane_Agility_Time + Wingspan_in + Weight_lbs,MP >= 100,DBPM ~ Hand_Width + Standing_Vertical_Leap + Lane_Agility_Time + Wingspan_in + Weight_lbs
2025,2025-26,Sion James,,76.5,78.5,100.0,8.25,9.25,217.6,10.91,2.93,,32.0,,82.0,19.0,1843.0,1.9,3.1,,1.1,,True,True,False,True,,,,,True,DBPM ~ Hand_Width + Standing_Vertical_Leap + Lane_Agility_Time + Wingspan_in + Weight_lbs,MP >= 100,DBPM ~ Hand_Width + Standing_Vertical_Leap + Lane_Agility_Time + Wingspan_in + Weight_lbs
2025,2025-26,Tre Johnson,,76.75,82.25,101.0,8.5,8.0,190.4,10.49,3.11,,32.0,,60.0,42.0,1443.0,-0.1,-0.7,,-2.9,,True,True,False,True,,,,,True,DBPM ~ Hand_Width + Standing_Vertical_Leap + Lane_Agility_Time + Wingspan_in + Weight_lbs,MP >= 100,DBPM ~ Hand_Width + Standing_Vertical_Leap + Lane_Agility_Time + Wingspan_in + Weight_lbs
2025,2025-26,Tyrese Proctor,,76.25,79.25,100.5,8.25,9.0,183.2,10.75,3.0,,30.5,,50.0,1.0,545.0,0.5,0.7,,-0.5,,True,True,False,True,,,,,True,DBPM ~ Hand_Width + Standing_Vertical_Leap + Lane_Agility_Time + Wingspan_in + Weight_lbs,MP >= 100,DBPM ~ Hand_Width + Standing_Vertical_Leap + Lane_Agility_Time + Wingspan_in + Weight_lbs
2025,2025-26,VJ Edgecombe,,76.0,79.5,101.5,8.5,9.5,193.2,11.27,2.93,,30.0,,75.0,75.0,2623.0,2.5,4.4,,-0.1,,True,True,False,True,,,,,True,DBPM ~ Hand_Width + Standing_Vertical_Leap + Lane_Agility_Time + Wingspan_in + Weight_lbs,MP >= 100,DBPM ~ Hand_Width + Standing_Vertical_Leap + Lane_Agility_Time + Wingspan_in + Weight_lbs
2025,2025-26,Walter Clayton Jr.,,74.0,76.0,97.5,8.25,9.75,199.0,10.52,2.81,,29.5,,69.0,6.0,1410.0,0.3,0.3,,-2.1,,True,True,False,True,,,,,True,DBPM ~ Hand_Width + Standing_Vertical_Leap + Lane_Agility_Time + Wingspan_in + Weight_lbs,MP >= 100,DBPM ~ Hand_Width + Standing_Vertical_Leap + Lane_Agility_Time + Wingspan_in + Weight_lbs
2025,2025-26,Will Riley,,80.25,80.75,104.0,8.5,9.0,185.6,11.73,3.08,,27.5,,74.0,18.0,1633.0,0.0,0.4,,-2.6,,True,True,False,True,,,,,True,DBPM ~ Hand_Width + Standing_Vertical_Leap + Lane_Agility_Time + Wingspan_in + Weight_lbs,MP >= 100,DBPM ~ Hand_Width + Standing_Vertical_Leap + Lane_Agility_Time + Wingspan_in + Weight_lbs
