Data_File_Version,Data_File_Timestamp,Player,Wingspan,Wingspan_in,Hand_Width,Standing_Reach,Standing_Reach_in,Standing_Vertical_Leap,Has_Standing_Reach,Has_Standing_Vertical_Leap,Has_Reach_Vertical_Data,Source_Note,Lane_Agility_Time,Shuttle_Run,Predicted_DBPM,Prediction_Model,Has_Full_Prediction_Inputs,Predicted_DBPM_Previous_Wingspan_Model,Predicted_DBPM_Standing_Reach_Model,Prediction_Change_vs_Previous,Has_Full_Standing_Reach_Model_Inputs,name_key,Weight_lbs,Predicted_DBPM_Previous_Standing_Reach_Model,Predicted_DBPM_Expanded_No_Shuttle_Model,Prediction_Change_vs_Previous_Standing_Reach,Has_Full_Expanded_No_Shuttle_Inputs,Predicted_DBPM_Previous_Expanded_No_Shuttle,Predicted_DBPM_MP100_Final_Model,Prediction_Change_vs_Previous_Expanded_No_Shuttle,Has_Full_MP100_Final_Model_Inputs
2026_prediction_v8_mp100_final,20260517_123413_CT,Koa Peat,"6' 11.25""",83.25,10.0,"104.0"" in.",104.0,34.5,True,True,True,Manual transcription from 2026 NBA Combine Stat Lab screenshots supplied in chat; wingspan and hand width only. Standing reach and standing vertical leap manually transcribed from 2026 NBA Combine Stat Lab screenshots supplied in chat.,11.0,3.39,0.47453041433467025,2023-2025 MP>=100 final DBPM model: Hand_Width + Standing_Vertical_Leap + Lane_Agility_Time + Wingspan_in + Weight_lbs,True,-1.6124396300000008,-1.6021615900000006,0.0102780400000002,True,koa peat,245.0,-1.6021615900000006,0.965507273096148,2.5676688630961486,True,0.965507273096148,0.47453041433467025,-0.4909768587614778,True
2026_prediction_v8_mp100_final,20260517_123413_CT,Tobe Awaka,"7' 2.25""",86.25,10.0,"105.0"" in.",105.0,32.5,True,True,True,Manual transcription from 2026 NBA Combine Stat Lab screenshots supplied in chat; wingspan and hand width only. Standing reach and standing vertical leap manually transcribed from 2026 NBA Combine Stat Lab screenshots supplied in chat.,10.94,3.02,0.4684067692528888,2023-2025 MP>=100 final DBPM model: Hand_Width + Standing_Vertical_Leap + Lane_Agility_Time + Wingspan_in + Weight_lbs,True,-0.1986710700000005,-0.3466556000000018,-0.1479845300000013,True,tobe awaka,261.4,-0.3466556000000018,1.0062163274166185,1.3528719274166203,True,1.0062163274166185,0.4684067692528888,-0.5378095581637297,True
2026_prediction_v8_mp100_final,20260517_123413_CT,Joshua Jefferson,"6' 10.75""",82.75,10.0,"104.5"" in.",104.5,27.0,True,True,True,Manual transcription from 2026 NBA Combine Stat Lab screenshots supplied in chat; wingspan and hand width only. Standing reach and standing vertical leap manually transcribed from 2026 NBA Combine Stat Lab screenshots supplied in chat.,11.91,3.08,0.4624533939823321,2023-2025 MP>=100 final DBPM model: Hand_Width + Standing_Vertical_Leap + Lane_Agility_Time + Wingspan_in + Weight_lbs,True,-0.0121625799999991,-0.1408029500000012,-0.1286403700000021,True,joshua jefferson,246.2,-0.1408029500000012,0.5609631085834472,0.7017660585834484,True,0.5609631085834472,0.4624533939823321,-0.09850971460111513,True
2026_prediction_v8_mp100_final,20260517_123413_CT,Karim Lopez,"6' 11.50""",83.5,11.0,"105.5"" in.",105.5,32.0,True,True,True,Manual transcription from 2026 NBA Combine Stat Lab screenshots supplied in chat; wingspan and hand width only. Standing reach and standing vertical leap manually transcribed from 2026 NBA Combine Stat Lab screenshots supplied in chat.,11.14,2.88,0.26665633030782043,2023-2025 MP>=100 final DBPM model: Hand_Width + Standing_Vertical_Leap + Lane_Agility_Time + Wingspan_in + Weight_lbs,True,0.8524611599999998,0.8755558400000005,0.0230946800000007,True,karim lopez,221.8,0.8755558400000005,0.357376796879695,-0.5181790431203055,True,0.357376796879695,0.26665633030782043,-0.09072046657187455,True
2026_prediction_v8_mp100_final,20260517_123413_CT,Tarris Reed Jr.,"7' 4.25""",88.25,10.0,"110.0"" in.",110.0,29.5,True,True,True,Manual transcription from 2026 NBA Combine Stat Lab screenshots supplied in chat; wingspan and hand width only. Standing reach and standing vertical leap manually transcribed from 2026 NBA Combine Stat Lab screenshots supplied in chat.,11.03,2.77,0.2362016462798442,2023-2025 MP>=100 final DBPM model: Hand_Width + Standing_Vertical_Leap + Lane_Agility_Time + Wingspan_in + Weight_lbs,True,0.8382168999999982,0.8609696199999997,0.0227527200000015,True,tarris reed jr,263.6,0.8609696199999997,0.6538349587356045,-0.2071346612643951,True,0.6538349587356045,0.2362016462798442,-0.4176333124557603,True
2026_prediction_v8_mp100_final,20260517_123413_CT,Zuby Ejiofor,"7' 2.00""",86.0,9.75,"107.0"" in.",107.0,34.0,True,True,True,Manual transcription from 2026 NBA Combine Stat Lab screenshots supplied in chat; wingspan and hand width only. Standing reach and standing vertical leap manually transcribed from 2026 NBA Combine Stat Lab screenshots supplied in chat.,11.05,2.76,0.14158920544290776,2023-2025 MP>=100 final DBPM model: Hand_Width + Standing_Vertical_Leap + Lane_Agility_Time + Wingspan_in + Weight_lbs,True,0.5799799800000001,0.5347533400000009,-0.0452266399999992,True,zuby ejiofor,245.2,0.5347533400000009,0.69649861412198,0.1617452741219791,True,0.69649861412198,0.14158920544290776,-0.5549094086790722,True
2026_prediction_v8_mp100_final,20260517_123413_CT,Trey Kaufman-Renn,"6' 10.50""",82.5,9.75,"105.5"" in.",105.5,29.0,True,True,True,Manual transcription from 2026 NBA Combine Stat Lab screenshots supplied in chat; wingspan and hand width only. Standing reach and standing vertical leap manually transcribed from 2026 NBA Combine Stat Lab screenshots supplied in chat.,11.06,3.01,0.12234997510923229,2023-2025 MP>=100 final DBPM model: Hand_Width + Standing_Vertical_Leap + Lane_Agility_Time + Wingspan_in + Weight_lbs,True,-0.4914801899999999,-0.3846050799999991,0.1068751100000007,True,trey kaufmanrenn,241.2,-0.3846050799999991,0.2566346434911972,0.6412397234911964,True,0.2566346434911972,0.12234997510923229,-0.1342846683819649,True
2026_prediction_v8_mp100_final,20260517_123413_CT,Cameron Boozer,"7' 1.50""",85.5,9.75,"108.0"" in.",108.0,28.5,True,True,True,Manual transcription from 2026 NBA Combine Stat Lab screenshots supplied in chat; wingspan and hand width only. Standing reach and standing vertical leap manually transcribed from 2026 NBA Combine Stat Lab screenshots supplied in chat.,11.06,2.99,0.09854550049387001,2023-2025 MP>=100 final DBPM model: Hand_Width + Standing_Vertical_Leap + Lane_Agility_Time + Wingspan_in + Weight_lbs,True,-0.2266923500000004,-0.1453309600000008,0.0813613899999996,True,cameron boozer,252.8,-0.1453309600000008,0.3474916726754333,0.4928226326754341,True,0.3474916726754333,0.09854550049387001,-0.24894617218156329,True
2026_prediction_v8_mp100_final,20260517_123413_CT,Morez Johnson,"7' 3.50""",87.5,10.0,"107.0"" in.",107.0,33.5,True,True,True,Manual transcription from 2026 NBA Combine Stat Lab screenshots supplied in chat; wingspan and hand width only. Standing reach and standing vertical leap manually transcribed from 2026 NBA Combine Stat Lab screenshots supplied in chat.,10.59,2.91,0.07338009284570735,2023-2025 MP>=100 final DBPM model: Hand_Width + Standing_Vertical_Leap + Lane_Agility_Time + Wingspan_in + Weight_lbs,True,0.0329012500000001,-0.0048412400000019,-0.037742490000002,True,morez johnson,250.6,-0.0048412400000019,0.5986269216158311,0.6034681616158329,True,0.5986269216158311,0.07338009284570735,-0.5252468287701237,True
2026_prediction_v8_mp100_final,20260517_123413_CT,Reuben Chinyelu,"7' 7.50""",91.5,10.25,"111.5"" in.",111.5,30.5,True,True,True,Manual transcription from 2026 NBA Combine Stat Lab screenshots supplied in chat; wingspan and hand width only. Standing reach and standing vertical leap manually transcribed from 2026 NBA Combine Stat Lab screenshots supplied in chat.,11.21,2.85,0.06768435809187157,2023-2025 MP>=100 final DBPM model: Hand_Width + Standing_Vertical_Leap + Lane_Agility_Time + Wingspan_in + Weight_lbs,True,1.0524334799999997,0.9436303299999996,-0.1088031500000001,True,rueben chinyelu,259.4,0.9436303299999996,0.5843918407920832,-0.3592384892079164,True,0.5843918407920832,0.06768435809187157,-0.5167074827002116,True
2026_prediction_v8_mp100_final,20260517_123413_CT,Bruce Thornton,"6' 5.00""",77.0,9.0,"96.5"" in.",96.5,29.5,True,True,True,Manual transcription from 2026 NBA Combine Stat Lab screenshots supplied in chat; wingspan and hand width only. Standing reach and standing vertical leap manually transcribed from 2026 NBA Combine Stat Lab screenshots supplied in chat.,11.55,3.01,0.06305587697636916,2023-2025 MP>=100 final DBPM model: Hand_Width + Standing_Vertical_Leap + Lane_Agility_Time + Wingspan_in + Weight_lbs,True,-1.0111397699999998,-1.2677531599999998,-0.25661339,True,bruce thornton,223.0,-1.2677531599999998,0.1058991000207729,1.3736522600207728,True,0.1058991000207729,0.06305587697636916,-0.04284322304440373,True
2026_prediction_v8_mp100_final,20260517_123413_CT,Hannes Steinbach,"7' 2.25""",86.25,10.0,"108.0"" in.",108.0,30.0,True,True,True,Manual transcription from 2026 NBA Combine Stat Lab screenshots supplied in chat; wingspan and hand width only. Standing reach and standing vertical leap manually transcribed from 2026 NBA Combine Stat Lab screenshots supplied in chat.,10.9,2.89,0.05140887008473349,2023-2025 MP>=100 final DBPM model: Hand_Width + Standing_Vertical_Leap + Lane_Agility_Time + Wingspan_in + Weight_lbs,True,0.2167740699999996,0.2699696099999995,0.0531955399999999,True,hannes steinbach,248.0,0.2699696099999995,0.3386657094361576,0.068696099436158,True,0.3386657094361576,0.05140887008473349,-0.2872568393514241,True
2026_prediction_v8_mp100_final,20260517_123413_CT,Flory Bidunga,"7' 3.25""",87.25,10.5,"106.5"" in.",106.5,34.0,True,True,True,Manual transcription from 2026 NBA Combine Stat Lab screenshots supplied in chat; wingspan and hand width only. Standing reach and standing vertical leap manually transcribed from 2026 NBA Combine Stat Lab screenshots supplied in chat.,11.24,2.78,0.024546162787979497,2023-2025 MP>=100 final DBPM model: Hand_Width + Standing_Vertical_Leap + Lane_Agility_Time + Wingspan_in + Weight_lbs,True,1.187301409999999,0.9988267400000002,-0.1884746699999988,True,flory bidunga,228.6,0.9988267400000002,0.434702548318123,-0.5641241916818771,True,0.434702548318123,0.024546162787979497,-0.4101563855301435,True
2026_prediction_v8_mp100_final,20260517_123413_CT,Keyshawn Hall,"6' 10.25""",82.25,9.75,"105.0"" in.",105.0,30.0,True,True,True,Manual transcription from 2026 NBA Combine Stat Lab screenshots supplied in chat; wingspan and hand width only. Standing reach and standing vertical leap manually transcribed from 2026 NBA Combine Stat Lab screenshots supplied in chat.,11.15,3.1,-0.0836645471862889,2023-2025 MP>=100 final DBPM model: Hand_Width + Standing_Vertical_Leap + Lane_Agility_Time + Wingspan_in + Weight_lbs,True,-0.7556942500000012,-0.6738429000000012,0.0818513499999999,True,keyshawn hall,227.4,-0.6738429000000012,0.0238614417285001,0.6977043417285014,True,0.0238614417285001,-0.0836645471862889,-0.10752598891478901,True
2026_prediction_v8_mp100_final,20260517_123413_CT,Brayden Burries,"6' 6.00""",78.0,9.25,"98.5"" in.",98.5,35.0,True,True,True,Manual transcription from 2026 NBA Combine Stat Lab screenshots supplied in chat; wingspan and hand width only. Standing reach and standing vertical leap manually transcribed from 2026 NBA Combine Stat Lab screenshots supplied in chat.,10.59,2.92,-0.11453054422934272,2023-2025 MP>=100 final DBPM model: Hand_Width + Standing_Vertical_Leap + Lane_Agility_Time + Wingspan_in + Weight_lbs,True,-1.0963714200000014,-1.1069428000000006,-0.0105713799999991,True,brayden burries,215.4,-1.1069428000000006,0.1324027228658977,1.2393455228658985,True,0.1324027228658977,-0.11453054422934272,-0.2469332670952404,True
2026_prediction_v8_mp100_final,20260517_123413_CT,John Blackwell,"6' 2.25""",74.25,9.5,"98.0"" in.",98.0,28.0,True,True,True,Manual transcription from 2026 NBA Combine Stat Lab screenshots supplied in chat; wingspan and hand width only. Standing reach and standing vertical leap manually transcribed from 2026 NBA Combine Stat Lab screenshots supplied in chat.,11.23,3.08,-0.17975677052801675,2023-2025 MP>=100 final DBPM model: Hand_Width + Standing_Vertical_Leap + Lane_Agility_Time + Wingspan_in + Weight_lbs,True,-1.3191390199999995,-1.2181473900000022,0.1009916299999973,True,john blackwell,199.6,-1.2181473900000022,-0.532991064786442,0.6851563252135602,True,-0.532991064786442,-0.17975677052801675,0.35323429425842523,True
2026_prediction_v8_mp100_final,20260517_123413_CT,Otega Oweh,"6' 8.25""",80.25,9.5,"101.0"" in.",101.0,31.0,True,True,True,Manual transcription from 2026 NBA Combine Stat Lab screenshots supplied in chat; wingspan and hand width only. Standing reach and standing vertical leap manually transcribed from 2026 NBA Combine Stat Lab screenshots supplied in chat.,11.2,2.86,-0.19967699560111463,2023-2025 MP>=100 final DBPM model: Hand_Width + Standing_Vertical_Leap + Lane_Agility_Time + Wingspan_in + Weight_lbs,True,-0.1981112700000009,-0.3019415600000004,-0.1038302899999994,True,otega oweh,216.0,-0.3019415600000004,-0.119966717274111,0.1819748427258893,True,-0.119966717274111,-0.19967699560111463,-0.07971027832700363,True
2026_prediction_v8_mp100_final,20260517_123413_CT,Trevon Brazile,"7' 3.75""",87.75,10.25,"109.0"" in.",109.0,36.0,True,True,True,Manual transcription from 2026 NBA Combine Stat Lab screenshots supplied in chat; wingspan and hand width only. Standing reach and standing vertical leap manually transcribed from 2026 NBA Combine Stat Lab screenshots supplied in chat.,10.84,2.71,-0.2044668142629238,2023-2025 MP>=100 final DBPM model: Hand_Width + Standing_Vertical_Leap + Lane_Agility_Time + Wingspan_in + Weight_lbs,True,1.0447613999999996,1.0621209599999997,0.01735956,True,trevon brazile,225.6,1.0621209599999997,0.3130620340607981,-0.7490589259392015,True,0.3130620340607981,-0.2044668142629238,-0.5175288483237219,True
2026_prediction_v8_mp100_final,20260517_123413_CT,Jacob Cofie,"7' 0.00""",84.0,9.5,"107.0"" in.",107.0,29.5,True,True,True,Manual transcription from 2026 NBA Combine Stat Lab screenshots supplied in chat; wingspan and hand width only. Standing reach and standing vertical leap manually transcribed from 2026 NBA Combine Stat Lab screenshots supplied in chat.,11.3,2.92,-0.20805783609107475,2023-2025 MP>=100 final DBPM model: Hand_Width + Standing_Vertical_Leap + Lane_Agility_Time + Wingspan_in + Weight_lbs,True,-0.0915772400000003,-0.0366871199999998,0.0548901200000004,True,jacob cofie,232.0,-0.0366871199999998,-0.0209502298642672,0.0157368901357326,True,-0.0209502298642672,-0.20805783609107475,-0.18710760622680755,True
2026_prediction_v8_mp100_final,20260517_123413_CT,Tobi Lawal,"6' 10.50""",82.5,9.0,"104.5"" in.",104.5,40.0,True,True,True,Manual transcription from 2026 NBA Combine Stat Lab screenshots supplied in chat; wingspan and hand width only. Standing reach and standing vertical leap manually transcribed from 2026 NBA Combine Stat Lab screenshots supplied in chat.,11.15,3.08,-0.21965551478189393,2023-2025 MP>=100 final DBPM model: Hand_Width + Standing_Vertical_Leap + Lane_Agility_Time + Wingspan_in + Weight_lbs,True,-1.1431384100000006,-1.1217390300000014,0.0213993799999991,True,tobi lawal,214.4,-1.1217390300000014,0.5159974724372889,1.6377365024372903,True,0.5159974724372889,-0.21965551478189393,-0.7356529872191828,True
2026_prediction_v8_mp100_final,20260517_123413_CT,Andrej Stojakovic,"6' 8.25""",80.25,10.0,"100.0"" in.",100.0,32.0,True,True,True,Manual transcription from 2026 NBA Combine Stat Lab screenshots supplied in chat; wingspan and hand width only. Standing reach and standing vertical leap manually transcribed from 2026 NBA Combine Stat Lab screenshots supplied in chat.,10.97,2.89,-0.24222405365564814,2023-2025 MP>=100 final DBPM model: Hand_Width + Standing_Vertical_Leap + Lane_Agility_Time + Wingspan_in + Weight_lbs,True,-0.1323791200000004,-0.2543200800000011,-0.1219409600000007,True,andrej stojakovic,206.0,-0.2543200800000011,-0.2405621574800447,0.0137579225199563,True,-0.2405621574800447,-0.24222405365564814,-0.0016618961756034445,True
2026_prediction_v8_mp100_final,20260517_123413_CT,Kylan Boswell,"6' 7.00""",79.0,8.5,"95.0"" in.",95.0,33.0,True,True,True,Manual transcription from 2026 NBA Combine Stat Lab screenshots supplied in chat; wingspan and hand width only. Standing reach and standing vertical leap manually transcribed from 2026 NBA Combine Stat Lab screenshots supplied in chat.,10.82,2.92,-0.28659548247917677,2023-2025 MP>=100 final DBPM model: Hand_Width + Standing_Vertical_Leap + Lane_Agility_Time + Wingspan_in + Weight_lbs,True,-1.3554610800000004,-1.7251619599999994,-0.369700879999999,True,kylan boswell,226.0,-1.7251619599999994,0.028917883469651,1.7540798434696503,True,0.028917883469651,-0.28659548247917677,-0.3155133659488278,True
2026_prediction_v8_mp100_final,20260517_123413_CT,Malachi Moreno,"7' 1.50""",85.5,9.25,"111.5"" in.",111.5,25.5,True,True,True,Manual transcription from 2026 NBA Combine Stat Lab screenshots supplied in chat; wingspan and hand width only. Standing reach and standing vertical leap manually transcribed from 2026 NBA Combine Stat Lab screenshots supplied in chat.,11.62,3.11,-0.2884493887538486,2023-2025 MP>=100 final DBPM model: Hand_Width + Standing_Vertical_Leap + Lane_Agility_Time + Wingspan_in + Weight_lbs,True,-0.5904114100000015,-0.3622622000000008,0.2281492100000006,True,malachi moreno,242.8,-0.3622622000000008,-0.1908562242264784,0.1714059757735224,True,-0.1908562242264784,-0.2884493887538486,-0.09759316452737021,True
2026_prediction_v8_mp100_final,20260517_123413_CT,Allen Graves,"7' 0.00""",84.0,9.5,"106.5"" in.",106.5,27.5,True,True,True,Manual transcription from 2026 NBA Combine Stat Lab screenshots supplied in chat; wingspan and hand width only. Standing reach and standing vertical leap manually transcribed from 2026 NBA Combine Stat Lab screenshots supplied in chat.,11.76,3.18,-0.3049916465604614,2023-2025 MP>=100 final DBPM model: Hand_Width + Standing_Vertical_Leap + Lane_Agility_Time + Wingspan_in + Weight_lbs,True,-0.6796539800000021,-0.7164755000000023,-0.0368215200000001,True,allen graves,225.6,-0.7164755000000023,-0.2445519635443318,0.4719235364556704,True,-0.2445519635443318,-0.3049916465604614,-0.06043968301612959,True
2026_prediction_v8_mp100_final,20260517_123413_CT,Aday Mara,"7' 6.00""",90.0,9.5,"117.0"" in.",117.0,24.0,True,True,True,Manual transcription from 2026 NBA Combine Stat Lab screenshots supplied in chat; wingspan and hand width only. Standing reach and standing vertical leap manually transcribed from 2026 NBA Combine Stat Lab screenshots supplied in chat.,11.47,3.36,-0.3133286247281699,2023-2025 MP>=100 final DBPM model: Hand_Width + Standing_Vertical_Leap + Lane_Agility_Time + Wingspan_in + Weight_lbs,True,-1.08169861,-0.7078111500000004,0.3738874599999995,True,aday mara,259.8,-0.7078111500000004,-0.1339133408959547,0.5738978091040456,True,-0.1339133408959547,-0.3133286247281699,-0.17941528383221522,True
2026_prediction_v8_mp100_final,20260517_123413_CT,Tyler Nickel,"6' 8.50""",80.5,10.0,"102.5"" in.",102.5,26.0,True,True,True,Manual transcription from 2026 NBA Combine Stat Lab screenshots supplied in chat; wingspan and hand width only. Standing reach and standing vertical leap manually transcribed from 2026 NBA Combine Stat Lab screenshots supplied in chat.,10.88,2.85,-0.31801008816570064,2023-2025 MP>=100 final DBPM model: Hand_Width + Standing_Vertical_Leap + Lane_Agility_Time + Wingspan_in + Weight_lbs,True,-0.0377821600000007,0.0099506899999992,0.0477328499999999,True,tyler nickel,217.4,0.0099506899999992,-0.6203666264574705,-0.6303173164574697,True,-0.6203666264574705,-0.31801008816570064,0.3023565382917699,True
2026_prediction_v8_mp100_final,20260517_123413_CT,Bryce Hopkins,"6' 10.50""",82.5,10.0,"105.0"" in.",105.0,30.0,True,True,True,Manual transcription from 2026 NBA Combine Stat Lab screenshots supplied in chat; wingspan and hand width only. Standing reach and standing vertical leap manually transcribed from 2026 NBA Combine Stat Lab screenshots supplied in chat.,10.71,2.95,-0.3214520346324701,2023-2025 MP>=100 final DBPM model: Hand_Width + Standing_Vertical_Leap + Lane_Agility_Time + Wingspan_in + Weight_lbs,True,-0.3543494700000007,-0.2208465200000002,0.1335029500000004,True,bryce hopkins,218.8,-0.2208465200000002,-0.3324246994687918,-0.1115781794687916,True,-0.3324246994687918,-0.3214520346324701,0.0109726648363217,True
2026_prediction_v8_mp100_final,20260517_123413_CT,Nick Martinelli,"6' 10.00""",82.0,9.75,"104.5"" in.",104.5,26.5,True,True,True,Manual transcription from 2026 NBA Combine Stat Lab screenshots supplied in chat; wingspan and hand width only. Standing reach and standing vertical leap manually transcribed from 2026 NBA Combine Stat Lab screenshots supplied in chat.,11.01,2.88,-0.3465534602887468,2023-2025 MP>=100 final DBPM model: Hand_Width + Standing_Vertical_Leap + Lane_Agility_Time + Wingspan_in + Weight_lbs,True,-0.1152483800000006,-0.0504121999999993,0.0648361800000012,True,nick martinelli,223.6,-0.0504121999999993,-0.5032347473565197,-0.4528225473565204,True,-0.5032347473565197,-0.3465534602887468,0.15668128706777296,True
2026_prediction_v8_mp100_final,20260517_123413_CT,Ugonna Onyenso,"7' 4.75""",88.75,10.0,"113.0"" in.",113.0,27.0,True,True,True,Manual transcription from 2026 NBA Combine Stat Lab screenshots supplied in chat; wingspan and hand width only. Standing reach and standing vertical leap manually transcribed from 2026 NBA Combine Stat Lab screenshots supplied in chat.,11.56,3.16,-0.34763919735688553,2023-2025 MP>=100 final DBPM model: Hand_Width + Standing_Vertical_Leap + Lane_Agility_Time + Wingspan_in + Weight_lbs,True,-0.1133119899999997,0.0297075199999987,0.1430195099999984,True,ugonna onyenso,236.8,0.0297075199999987,-0.2066198916958788,-0.2363274116958775,True,-0.2066198916958788,-0.34763919735688553,-0.14101930566100673,True
2026_prediction_v8_mp100_final,20260517_123413_CT,Tounde Yessoufou,"6' 10.00""",82.0,9.0,"103.0"" in.",103.0,34.0,True,True,True,Manual transcription from 2026 NBA Combine Stat Lab screenshots supplied in chat; wingspan and hand width only. Standing reach and standing vertical leap manually transcribed from 2026 NBA Combine Stat Lab screenshots supplied in chat.,11.09,2.75,-0.3537157530793955,2023-2025 MP>=100 final DBPM model: Hand_Width + Standing_Vertical_Leap + Lane_Agility_Time + Wingspan_in + Weight_lbs,True,-0.0948280300000004,-0.1710787800000011,-0.0762507500000007,True,tounde yessoufou,219.8,-0.1710787800000011,0.0234110433959857,0.1944898233959868,True,0.0234110433959857,-0.3537157530793955,-0.3771267964753812,True
2026_prediction_v8_mp100_final,20260517_123413_CT,Alex Karaban,"6' 11.00""",83.0,9.5,"104.5"" in.",104.5,28.0,True,True,True,Manual transcription from 2026 NBA Combine Stat Lab screenshots supplied in chat; wingspan and hand width only. Standing reach and standing vertical leap manually transcribed from 2026 NBA Combine Stat Lab screenshots supplied in chat.,11.19,3.01,-0.37227782712879787,2023-2025 MP>=100 final DBPM model: Hand_Width + Standing_Vertical_Leap + Lane_Agility_Time + Wingspan_in + Weight_lbs,True,-0.5328231500000005,-0.5550535399999994,-0.0222303899999989,True,alex karaban,225.2,-0.5550535399999994,-0.357944383741521,0.1971091562584783,True,-0.357944383741521,-0.37227782712879787,-0.014333443387276879,True
2026_prediction_v8_mp100_final,20260517_123413_CT,Milan Momcilovic,"6' 9.25""",81.25,9.5,"102.5"" in.",102.5,27.5,True,True,True,Manual transcription from 2026 NBA Combine Stat Lab screenshots supplied in chat; wingspan and hand width only. Standing reach and standing vertical leap manually transcribed from 2026 NBA Combine Stat Lab screenshots supplied in chat.,11.22,2.95,-0.39111039238938794,2023-2025 MP>=100 final DBPM model: Hand_Width + Standing_Vertical_Leap + Lane_Agility_Time + Wingspan_in + Weight_lbs,True,-0.4249953900000012,-0.4837756900000007,-0.0587802999999995,True,milan momcilovic,218.2,-0.4837756900000007,-0.492317477297731,-0.0085417872977303,True,-0.492317477297731,-0.39111039238938794,0.10120708490834307,True
2026_prediction_v8_mp100_final,20260517_123413_CT,Ryan Conwell,"6' 7.00""",79.0,9.0,"96.5"" in.",96.5,32.5,True,True,True,Manual transcription from 2026 NBA Combine Stat Lab screenshots supplied in chat; wingspan and hand width only. Standing reach and standing vertical leap manually transcribed from 2026 NBA Combine Stat Lab screenshots supplied in chat.,10.69,2.86,-0.3950198022139366,2023-2025 MP>=100 final DBPM model: Hand_Width + Standing_Vertical_Leap + Lane_Agility_Time + Wingspan_in + Weight_lbs,True,-0.9205198500000016,-1.16368239,-0.2431625399999983,True,ryan conwell,214.8,-1.16368239,-0.2508668316793629,0.912815558320637,True,-0.2508668316793629,-0.3950198022139366,-0.1441529705345737,True
2026_prediction_v8_mp100_final,20260517_123413_CT,Caleb Wilson,"7' 0.25""",84.25,9.75,"108.0"" in.",108.0,34.5,True,True,True,Manual transcription from 2026 NBA Combine Stat Lab screenshots supplied in chat; wingspan and hand width only. Standing reach and standing vertical leap manually transcribed from 2026 NBA Combine Stat Lab screenshots supplied in chat.,11.17,3.11,-0.399101459666082,2023-2025 MP>=100 final DBPM model: Hand_Width + Standing_Vertical_Leap + Lane_Agility_Time + Wingspan_in + Weight_lbs,True,-0.6455440100000001,-0.4891690500000001,0.1563749599999999,True,caleb wilson,210.8,-0.4891690500000001,-0.0716387822362047,0.4175302677637953,True,-0.0716387822362047,-0.399101459666082,-0.32746267742987734,True
2026_prediction_v8_mp100_final,20260517_123413_CT,Yaxel Lendeborg,"7' 3.25""",87.25,10.0,"108.5"" in.",108.5,25.5,True,True,True,Manual transcription from 2026 NBA Combine Stat Lab screenshots supplied in chat; wingspan and hand width only. Standing reach and standing vertical leap manually transcribed from 2026 NBA Combine Stat Lab screenshots supplied in chat.,10.82,2.8,-0.4058130079082636,2023-2025 MP>=100 final DBPM model: Hand_Width + Standing_Vertical_Leap + Lane_Agility_Time + Wingspan_in + Weight_lbs,True,0.5366132100000005,0.5637157600000009,0.0271025500000003,True,yaxel lendeborg,241.4,0.5637157600000009,-0.4303462567915268,-0.9940620167915276,True,-0.4303462567915268,-0.4058130079082636,0.024533248883263248,True
2026_prediction_v8_mp100_final,20260517_123413_CT,Matthew Able,"6' 8.25""",80.25,10.5,"103.0"" in.",103.0,27.5,True,True,True,Manual transcription from 2026 NBA Combine Stat Lab screenshots supplied in chat; wingspan and hand width only. Standing reach and standing vertical leap manually transcribed from 2026 NBA Combine Stat Lab screenshots supplied in chat.,11.08,2.86,-0.44302546285701183,2023-2025 MP>=100 final DBPM model: Hand_Width + Standing_Vertical_Leap + Lane_Agility_Time + Wingspan_in + Weight_lbs,True,0.3541477699999991,0.4212234800000001,0.067075710000001,True,matthew able,195.8,0.4212234800000001,-0.835928366423901,-1.257151846423901,True,-0.835928366423901,-0.44302546285701183,0.3929029035668892,True
2026_prediction_v8_mp100_final,20260517_123413_CT,Christopher Cenac Jr.,"7' 5.00""",89.0,9.5,"108.5"" in.",108.5,33.0,True,True,True,Manual transcription from 2026 NBA Combine Stat Lab screenshots supplied in chat; wingspan and hand width only. Standing reach and standing vertical leap manually transcribed from 2026 NBA Combine Stat Lab screenshots supplied in chat.,10.76,2.84,-0.45991757213828954,2023-2025 MP>=100 final DBPM model: Hand_Width + Standing_Vertical_Leap + Lane_Agility_Time + Wingspan_in + Weight_lbs,True,0.1629942999999984,0.0863710400000004,-0.076623259999998,True,christopher cenac jr,239.6,0.0863710400000004,0.0633816506564679,-0.0229893893435324,True,0.0633816506564679,-0.45991757213828954,-0.5232992227947575,True
2026_prediction_v8_mp100_final,20260517_123413_CT,Amari Allen,"6' 8.00""",80.0,9.25,"99.5"" in.",99.5,34.5,True,True,True,Manual transcription from 2026 NBA Combine Stat Lab screenshots supplied in chat; wingspan and hand width only. Standing reach and standing vertical leap manually transcribed from 2026 NBA Combine Stat Lab screenshots supplied in chat.,10.72,2.94,-0.5020341614807187,2023-2025 MP>=100 final DBPM model: Hand_Width + Standing_Vertical_Leap + Lane_Agility_Time + Wingspan_in + Weight_lbs,True,-0.9498564700000004,-1.0444251299999996,-0.0945686599999992,True,amari allen,204.6,-1.0444251299999996,-0.3011129651658999,0.7433121648340997,True,-0.3011129651658999,-0.5020341614807187,-0.20092119631481875,True
2026_prediction_v8_mp100_final,20260517_123413_CT,Jaden Bradley,"6' 6.25""",78.25,9.25,"96.0"" in.",96.0,30.5,True,True,True,Manual transcription from 2026 NBA Combine Stat Lab screenshots supplied in chat; wingspan and hand width only. Standing reach and standing vertical leap manually transcribed from 2026 NBA Combine Stat Lab screenshots supplied in chat.,10.75,3.13,-0.5126206843130632,2023-2025 MP>=100 final DBPM model: Hand_Width + Standing_Vertical_Leap + Lane_Agility_Time + Wingspan_in + Weight_lbs,True,-1.69011421,-1.897014030000001,-0.2068998200000011,True,jaden bradley,205.4,-1.897014030000001,-0.5954444734712512,1.3015695565287495,True,-0.5954444734712512,-0.5126206843130632,0.082823789158188,True
2026_prediction_v8_mp100_final,20260517_123413_CT,Peter Suder,"6' 8.00""",80.0,9.0,"99.5"" in.",99.5,28.5,True,True,True,Manual transcription from 2026 NBA Combine Stat Lab screenshots supplied in chat; wingspan and hand width only. Standing reach and standing vertical leap manually transcribed from 2026 NBA Combine Stat Lab screenshots supplied in chat.,11.23,3.14,-0.5363158469524008,2023-2025 MP>=100 final DBPM model: Hand_Width + Standing_Vertical_Leap + Lane_Agility_Time + Wingspan_in + Weight_lbs,True,-1.4596777900000006,-1.6297922500000022,-0.1701144600000015,True,peter suder,213.4,-1.6297922500000022,-0.5811408382572605,1.0486514117427417,True,-0.5811408382572605,-0.5363158469524008,0.04482499130485973,True
2026_prediction_v8_mp100_final,20260517_123413_CT,Felix Okpara,"7' 2.00""",86.0,9.0,"112.0"" in.",112.0,29.5,True,True,True,Manual transcription from 2026 NBA Combine Stat Lab screenshots supplied in chat; wingspan and hand width only. Standing reach and standing vertical leap manually transcribed from 2026 NBA Combine Stat Lab screenshots supplied in chat.,11.01,2.99,-0.538623283984526,2023-2025 MP>=100 final DBPM model: Hand_Width + Standing_Vertical_Leap + Lane_Agility_Time + Wingspan_in + Weight_lbs,True,-0.6975207500000016,-0.3686758600000024,0.3288448899999991,True,felix okpara,237.4,-0.3686758600000024,-0.242965451368371,0.1257104086316314,True,-0.242965451368371,-0.538623283984526,-0.29565783261615497,True
2026_prediction_v8_mp100_final,20260517_123413_CT,Kingston Flemings,"6' 3.50""",75.5,9.5,"98.5"" in.",98.5,33.5,True,True,True,Manual transcription from 2026 NBA Combine Stat Lab screenshots supplied in chat; wingspan and hand width only. Standing reach and standing vertical leap manually transcribed from 2026 NBA Combine Stat Lab screenshots supplied in chat.,10.61,2.69,-0.5635322168149557,2023-2025 MP>=100 final DBPM model: Hand_Width + Standing_Vertical_Leap + Lane_Agility_Time + Wingspan_in + Weight_lbs,True,-0.3102363500000011,-0.1842767600000012,0.1259595899999998,True,kingston flemings,183.4,-0.1842767600000012,-0.7067872032154208,-0.5225104432154195,True,-0.7067872032154208,-0.5635322168149557,0.14325498640046508,True
2026_prediction_v8_mp100_final,20260517_123413_CT,Nathaniel Ament,"6' 11.50""",83.5,9.5,"109.5"" in.",109.5,31.0,True,True,True,Manual transcription from 2026 NBA Combine Stat Lab screenshots supplied in chat; wingspan and hand width only. Standing reach and standing vertical leap manually transcribed from 2026 NBA Combine Stat Lab screenshots supplied in chat.,11.27,2.85,-0.5653691403531305,2023-2025 MP>=100 final DBPM model: Hand_Width + Standing_Vertical_Leap + Lane_Agility_Time + Wingspan_in + Weight_lbs,True,0.0938937099999979,0.3529910599999981,0.2590973500000002,True,nathaniel ament,210.8,0.3529910599999981,-0.4396614023521499,-0.792652462352148,True,-0.4396614023521499,-0.5653691403531305,-0.12570773800098056,True
2026_prediction_v8_mp100_final,20260517_123413_CT,Bennett Stirtz,"6' 6.00""",78.0,9.75,"98.5"" in.",98.5,30.5,True,True,True,Manual transcription from 2026 NBA Combine Stat Lab screenshots supplied in chat; wingspan and hand width only. Standing reach and standing vertical leap manually transcribed from 2026 NBA Combine Stat Lab screenshots supplied in chat.,11.25,2.91,-0.5673363147300403,2023-2025 MP>=100 final DBPM model: Hand_Width + Standing_Vertical_Leap + Lane_Agility_Time + Wingspan_in + Weight_lbs,True,-0.3262507200000009,-0.4574557100000014,-0.1312049900000005,True,bennett stirtz,186.2,-0.4574557100000014,-0.7917091284656319,-0.3342534184656305,True,-0.7917091284656319,-0.5673363147300403,0.2243728137355916,True
2026_prediction_v8_mp100_final,20260517_123413_CT,Rafael Castro,"7' 1.25""",85.25,9.0,"109.5"" in.",109.5,31.0,True,True,True,Manual transcription from 2026 NBA Combine Stat Lab screenshots supplied in chat; wingspan and hand width only. Standing reach and standing vertical leap manually transcribed from 2026 NBA Combine Stat Lab screenshots supplied in chat.,11.42,2.93,-0.5692511415598531,2023-2025 MP>=100 final DBPM model: Hand_Width + Standing_Vertical_Leap + Lane_Agility_Time + Wingspan_in + Weight_lbs,True,-0.2812324500000018,-0.1608219700000024,0.1204104799999993,True,rafael castro,224.4,-0.1608219700000024,-0.2457611130208183,-0.0849391430208159,True,-0.2457611130208183,-0.5692511415598531,-0.32349002853903486,True
2026_prediction_v8_mp100_final,20260517_123413_CT,Izaiyah Nelson,"7' 2.50""",86.5,9.5,"108.0"" in.",108.0,32.5,True,True,True,Manual transcription from 2026 NBA Combine Stat Lab screenshots supplied in chat; wingspan and hand width only. Standing reach and standing vertical leap manually transcribed from 2026 NBA Combine Stat Lab screenshots supplied in chat.,11.22,2.9,-0.5768319984298387,2023-2025 MP>=100 final DBPM model: Hand_Width + Standing_Vertical_Leap + Lane_Agility_Time + Wingspan_in + Weight_lbs,True,0.0892684600000004,0.0622988600000011,-0.0269695999999992,True,izaiyah nelson,219.4,0.0622988600000011,-0.2351742853140415,-0.2974731453140426,True,-0.2351742853140415,-0.5768319984298387,-0.3416577131157972,True
2026_prediction_v8_mp100_final,20260517_123413_CT,Henri Veesaar,"7' 2.00""",86.0,9.5,"111.0"" in.",111.0,28.0,True,True,True,Manual transcription from 2026 NBA Combine Stat Lab screenshots supplied in chat; wingspan and hand width only. Standing reach and standing vertical leap manually transcribed from 2026 NBA Combine Stat Lab screenshots supplied in chat.,11.2,2.92,-0.5783058905512481,2023-2025 MP>=100 final DBPM model: Hand_Width + Standing_Vertical_Leap + Lane_Agility_Time + Wingspan_in + Weight_lbs,True,-0.0241815400000016,0.1961535799999998,0.2203351200000014,True,henri veesaar,227.2,0.1961535799999998,-0.4810652343382395,-0.6772188143382394,True,-0.4810652343382395,-0.5783058905512481,-0.09724065621300865,True
2026_prediction_v8_mp100_final,20260517_123413_CT,Jeremy Fears Jr.,"6' 4.00""",76.0,9.0,"97.5"" in.",97.5,32.0,True,True,True,Manual transcription from 2026 NBA Combine Stat Lab screenshots supplied in chat; wingspan and hand width only. Standing reach and standing vertical leap manually transcribed from 2026 NBA Combine Stat Lab screenshots supplied in chat.,10.62,3.1,-0.5892631118592586,2023-2025 MP>=100 final DBPM model: Hand_Width + Standing_Vertical_Leap + Lane_Agility_Time + Wingspan_in + Weight_lbs,True,-1.976351740000002,-1.912619140000002,0.0637325999999998,True,jeremy fears jr,196.2,-1.912619140000002,-0.6758794228895839,1.2367397171104182,True,-0.6758794228895839,-0.5892631118592586,0.0866163110303253,True
2026_prediction_v8_mp100_final,20260517_123413_CT,Dillon Mitchell,"6' 10.50""",82.5,9.75,"104.5"" in.",104.5,32.5,True,True,True,Manual transcription from 2026 NBA Combine Stat Lab screenshots supplied in chat; wingspan and hand width only. Standing reach and standing vertical leap manually transcribed from 2026 NBA Combine Stat Lab screenshots supplied in chat.,10.94,2.89,-0.5971283036828856,2023-2025 MP>=100 final DBPM model: Hand_Width + Standing_Vertical_Leap + Lane_Agility_Time + Wingspan_in + Weight_lbs,True,-0.1610771100000008,-0.1147563200000014,0.0463207899999993,True,dillon mitchell,202.2,-0.1147563200000014,-0.5140521887731104,-0.399295868773109,True,-0.5140521887731104,-0.5971283036828856,-0.08307611490977518,True
2026_prediction_v8_mp100_final,20260517_123413_CT,Ja'Kobi Gillespie,"6' 4.00""",76.0,9.5,"95.5"" in.",95.5,31.5,True,True,True,Manual transcription from 2026 NBA Combine Stat Lab screenshots supplied in chat; wingspan and hand width only. Standing reach and standing vertical leap manually transcribed from 2026 NBA Combine Stat Lab screenshots supplied in chat.,10.94,2.91,-0.636249366906307,2023-2025 MP>=100 final DBPM model: Hand_Width + Standing_Vertical_Leap + Lane_Agility_Time + Wingspan_in + Weight_lbs,True,-0.8128637000000003,-0.9652326900000024,-0.152368990000002,True,jakobi gillespie,181.8,-0.9652326900000024,-0.8745296688296742,0.0907030211703282,True,-0.8745296688296742,-0.636249366906307,0.23828030192336724,True
2026_prediction_v8_mp100_final,20260517_123413_CT,Anicet Dybantsa,"7' 0.50""",84.5,9.0,"106.0"" in.",106.0,33.5,True,True,True,Manual transcription from 2026 NBA Combine Stat Lab screenshots supplied in chat; wingspan and hand width only. Standing reach and standing vertical leap manually transcribed from 2026 NBA Combine Stat Lab screenshots supplied in chat.,11.06,2.99,-0.6563539384410015,2023-2025 MP>=100 final DBPM model: Hand_Width + Standing_Vertical_Leap + Lane_Agility_Time + Wingspan_in + Weight_lbs,True,-0.7640421000000002,-0.7630202100000014,0.0010218899999987,True,anicet dybantsa,217.0,-0.7630202100000014,-0.2749546311020117,0.4880655788979897,True,-0.2749546311020117,-0.6563539384410015,-0.38139930733898986,True
2026_prediction_v8_mp100_final,20260517_123413_CT,Dailyn Swain,"6' 10.00""",82.0,9.25,"104.5"" in.",104.5,28.0,True,True,True,Manual transcription from 2026 NBA Combine Stat Lab screenshots supplied in chat; wingspan and hand width only. Standing reach and standing vertical leap manually transcribed from 2026 NBA Combine Stat Lab screenshots supplied in chat.,11.25,3.08,-0.671797585509359,2023-2025 MP>=100 final DBPM model: Hand_Width + Standing_Vertical_Leap + Lane_Agility_Time + Wingspan_in + Weight_lbs,True,-0.9548293600000006,-0.9170799800000012,0.0377493799999992,True,dailyn swain,211.2,-0.9170799800000012,-0.7418097829414716,0.1752701970585296,True,-0.7418097829414716,-0.671797585509359,0.07001219743211262,True
2026_prediction_v8_mp100_final,20260517_123413_CT,Keaton Wagler,"6' 6.25""",78.25,9.25,"100.0"" in.",100.0,33.0,True,True,True,Manual transcription from 2026 NBA Combine Stat Lab screenshots supplied in chat; wingspan and hand width only. Standing reach and standing vertical leap manually transcribed from 2026 NBA Combine Stat Lab screenshots supplied in chat.,11.05,3.0,-0.6877243455661519,2023-2025 MP>=100 final DBPM model: Hand_Width + Standing_Vertical_Leap + Lane_Agility_Time + Wingspan_in + Weight_lbs,True,-1.057414850000001,-1.0576246000000014,-0.0002097500000004,True,keaton wagler,188.0,-1.0576246000000014,-0.702048768529627,0.3555758314703743,True,-0.702048768529627,-0.6877243455661519,0.014324422963475136,True
2026_prediction_v8_mp100_final,20260517_123413_CT,Emanuel Sharp,"6' 3.00""",75.0,8.25,"98.5"" in.",98.5,27.5,True,True,True,Manual transcription from 2026 NBA Combine Stat Lab screenshots supplied in chat; wingspan and hand width only. Standing reach and standing vertical leap manually transcribed from 2026 NBA Combine Stat Lab screenshots supplied in chat.,10.77,2.8,-0.6965910748178192,2023-2025 MP>=100 final DBPM model: Hand_Width + Standing_Vertical_Leap + Lane_Agility_Time + Wingspan_in + Weight_lbs,True,-1.40015144,-1.2706661399999994,0.1294853000000004,True,emanuel sharp,208.4,-1.2706661399999994,-0.9143649335863148,0.3563012064136845,True,-0.9143649335863148,-0.6965910748178192,0.21777385876849553,True
2026_prediction_v8_mp100_final,20260517_123413_CT,Baba Miller,"7' 1.75""",85.75,10.0,"111.0"" in.",111.0,31.5,True,True,True,Manual transcription from 2026 NBA Combine Stat Lab screenshots supplied in chat; wingspan and hand width only. Standing reach and standing vertical leap manually transcribed from 2026 NBA Combine Stat Lab screenshots supplied in chat.,10.71,2.7,-0.7556205277659229,2023-2025 MP>=100 final DBPM model: Hand_Width + Standing_Vertical_Leap + Lane_Agility_Time + Wingspan_in + Weight_lbs,True,0.7070887799999994,1.0156847300000005,0.3085959500000008,True,baba miller,208.2,1.0156847300000005,-0.6686424000310689,-1.6843271300310694,True,-0.6686424000310689,-0.7556205277659229,-0.08697812773485403,True
2026_prediction_v8_mp100_final,20260517_123413_CT,Christopher Brown Jr,"6' 7.50""",79.5,9.5,"100.5"" in.",100.5,33.5,True,True,True,Manual transcription from 2026 NBA Combine Stat Lab screenshots supplied in chat; wingspan and hand width only. Standing reach and standing vertical leap manually transcribed from 2026 NBA Combine Stat Lab screenshots supplied in chat.,10.57,2.89,-0.7641374310991553,2023-2025 MP>=100 final DBPM model: Hand_Width + Standing_Vertical_Leap + Lane_Agility_Time + Wingspan_in + Weight_lbs,True,-0.7516760700000003,-0.7190642800000013,0.0326117899999989,True,christopher brown jr,190.2,-0.7190642800000013,-0.7741014444022838,-0.0550371644022824,True,-0.7741014444022838,-0.7641374310991553,0.00996401330312846,True
2026_prediction_v8_mp100_final,20260517_123413_CT,Tyler Tanner,"6' 4.25""",76.25,10.0,"93.0"" in.",93.0,32.0,True,True,True,Manual transcription from 2026 NBA Combine Stat Lab screenshots supplied in chat; wingspan and hand width only. Standing reach and standing vertical leap manually transcribed from 2026 NBA Combine Stat Lab screenshots supplied in chat.,10.88,2.92,-0.7817713775980257,2023-2025 MP>=100 final DBPM model: Hand_Width + Standing_Vertical_Leap + Lane_Agility_Time + Wingspan_in + Weight_lbs,True,-0.5542458500000009,-0.8796194799999997,-0.3253736299999987,True,tyler tanner,166.8,-0.8796194799999997,-1.141743944790182,-0.2621244647901823,True,-1.141743944790182,-0.7817713775980257,0.3599725671921563,True
2026_prediction_v8_mp100_final,20260517_123413_CT,Darryn Peterson,"6' 9.75""",81.75,9.25,"103.0"" in.",103.0,31.5,True,True,True,Manual transcription from 2026 NBA Combine Stat Lab screenshots supplied in chat; wingspan and hand width only. Standing reach and standing vertical leap manually transcribed from 2026 NBA Combine Stat Lab screenshots supplied in chat.,11.17,2.95,-0.7819923510303051,2023-2025 MP>=100 final DBPM model: Hand_Width + Standing_Vertical_Leap + Lane_Agility_Time + Wingspan_in + Weight_lbs,True,-0.5813552900000012,-0.6311525900000019,-0.0497973000000007,True,darryn peterson,198.8,-0.6311525900000019,-0.7275563092127291,-0.0964037192127271,True,-0.7275563092127291,-0.7819923510303051,-0.054436041817576,True
2026_prediction_v8_mp100_final,20260517_123413_CT,Maliq Brown,"7' 0.75""",84.75,9.0,"107.0"" in.",107.0,29.5,True,True,True,Manual transcription from 2026 NBA Combine Stat Lab screenshots supplied in chat; wingspan and hand width only. Standing reach and standing vertical leap manually transcribed from 2026 NBA Combine Stat Lab screenshots supplied in chat.,11.22,3.05,-0.8233589378949571,2023-2025 MP>=100 final DBPM model: Hand_Width + Standing_Vertical_Leap + Lane_Agility_Time + Wingspan_in + Weight_lbs,True,-0.8489335899999997,-0.81812079,0.0308127999999996,True,maliq brown,216.6,-0.81812079,-0.676101218947708,0.142019571052292,True,-0.676101218947708,-0.8233589378949571,-0.14725771894724904,True
2026_prediction_v8_mp100_final,20260517_123413_CT,Darius Acuff Jr.,"6' 6.50""",78.5,9.25,"98.5"" in.",98.5,31.5,True,True,True,Manual transcription from 2026 NBA Combine Stat Lab screenshots supplied in chat; wingspan and hand width only. Standing reach and standing vertical leap manually transcribed from 2026 NBA Combine Stat Lab screenshots supplied in chat.,10.99,2.93,-0.8428129952238264,2023-2025 MP>=100 final DBPM model: Hand_Width + Standing_Vertical_Leap + Lane_Agility_Time + Wingspan_in + Weight_lbs,True,-0.8418781400000022,-0.9593954100000016,-0.1175172699999995,True,darius acuff jr,185.8,-0.9593954100000016,-0.9660166100998592,-0.0066212000998576,True,-0.9660166100998592,-0.8428129952238264,0.12320361487603282,True
2026_prediction_v8_mp100_final,20260517_123413_CT,Billy Richmond III,"6' 8.00""",80.0,9.25,"101.0"" in.",101.0,32.5,True,True,True,Manual transcription from 2026 NBA Combine Stat Lab screenshots supplied in chat; wingspan and hand width only. Standing reach and standing vertical leap manually transcribed from 2026 NBA Combine Stat Lab screenshots supplied in chat.,10.23,2.82,-0.9358148704507494,2023-2025 MP>=100 final DBPM model: Hand_Width + Standing_Vertical_Leap + Lane_Agility_Time + Wingspan_in + Weight_lbs,True,-0.855877099999999,-0.7676820799999993,0.0881950199999996,True,billy richmond iii,195.4,-0.7676820799999993,-0.9669872340550708,-0.1993051540550716,True,-0.9669872340550708,-0.9358148704507494,0.031172363604321407,True
2026_prediction_v8_mp100_final,20260517_123413_CT,Labaron Philon,"6' 6.25""",78.25,9.0,"99.5"" in.",99.5,30.5,True,True,True,Manual transcription from 2026 NBA Combine Stat Lab screenshots supplied in chat; wingspan and hand width only. Standing reach and standing vertical leap manually transcribed from 2026 NBA Combine Stat Lab screenshots supplied in chat.,11.55,3.13,-1.0106359421461821,2023-2025 MP>=100 final DBPM model: Hand_Width + Standing_Vertical_Leap + Lane_Agility_Time + Wingspan_in + Weight_lbs,True,-1.3361620599999997,-1.4527398800000002,-0.1165778200000005,True,labaron philon,176.2,-1.4527398800000002,-1.1889366323342827,0.2638032476657175,True,-1.1889366323342827,-1.0106359421461821,0.17830069018810057,True
2026_prediction_v8_mp100_final,20260517_123413_CT,Ebuka Okorie,"6' 7.75""",79.75,9.25,"98.0"" in.",98.0,31.5,True,True,True,Manual transcription from 2026 NBA Combine Stat Lab screenshots supplied in chat; wingspan and hand width only. Standing reach and standing vertical leap manually transcribed from 2026 NBA Combine Stat Lab screenshots supplied in chat.,10.71,2.96,-1.0249897573844269,2023-2025 MP>=100 final DBPM model: Hand_Width + Standing_Vertical_Leap + Lane_Agility_Time + Wingspan_in + Weight_lbs,True,-1.0405048900000002,-1.2187265799999991,-0.1782216899999991,True,ebuka okorie,186.0,-1.2187265799999991,-1.1438195036418106,0.0749070763581885,True,-1.1438195036418106,-1.0249897573844269,0.11882974625738374,True
2026_prediction_v8_mp100_final,20260517_123413_CT,Isaiah Evans,"6' 8.75""",80.75,9.0,"104.5"" in.",104.5,27.0,True,True,True,Manual transcription from 2026 NBA Combine Stat Lab screenshots supplied in chat; wingspan and hand width only. Standing reach and standing vertical leap manually transcribed from 2026 NBA Combine Stat Lab screenshots supplied in chat.,11.87,2.89,-1.0762578040011146,2023-2025 MP>=100 final DBPM model: Hand_Width + Standing_Vertical_Leap + Lane_Agility_Time + Wingspan_in + Weight_lbs,True,-0.153407920000002,-0.1742088800000019,-0.0208009599999998,True,isaiah evans,186.0,-0.1742088800000019,-1.3229969682527625,-1.1487880882527604,True,-1.3229969682527625,-1.0762578040011146,0.24673916425164788,True
2026_prediction_v8_mp100_final,20260517_123413_CT,Milos Uzan,"6' 5.00""",77.0,9.0,"98.0"" in.",98.0,28.0,True,True,True,Manual transcription from 2026 NBA Combine Stat Lab screenshots supplied in chat; wingspan and hand width only. Standing reach and standing vertical leap manually transcribed from 2026 NBA Combine Stat Lab screenshots supplied in chat.,10.7,2.87,-1.0767166687037655,2023-2025 MP>=100 final DBPM model: Hand_Width + Standing_Vertical_Leap + Lane_Agility_Time + Wingspan_in + Weight_lbs,True,-1.0793474400000012,-1.087738370000002,-0.0083909300000009,True,milos uzan,185.0,-1.087738370000002,-1.4597781597246833,-0.3720397897246812,True,-1.4597781597246833,-1.0767166687037655,0.3830614910209178,True
2026_prediction_v8_mp100_final,20260517_123413_CT,Nicholas Boyd,"6' 2.50""",74.5,8.25,"96.0"" in.",96.0,30.5,True,True,True,Manual transcription from 2026 NBA Combine Stat Lab screenshots supplied in chat; wingspan and hand width only. Standing reach and standing vertical leap manually transcribed from 2026 NBA Combine Stat Lab screenshots supplied in chat.,10.78,3.06,-1.2117998083652584,2023-2025 MP>=100 final DBPM model: Hand_Width + Standing_Vertical_Leap + Lane_Agility_Time + Wingspan_in + Weight_lbs,True,-2.308594030000001,-2.2922913700000027,0.0163026599999982,True,nicholas boyd,176.2,-2.2922913700000027,-1.4663949503085556,0.8258964196914471,True,-1.4663949503085556,-1.2117998083652584,0.25459514194329724,True
2026_prediction_v8_mp100_final,20260517_123413_CT,Cameron Carr,"7' 0.75""",84.75,9.25,"104.0"" in.",104.0,38.0,True,True,True,Manual transcription from 2026 NBA Combine Stat Lab screenshots supplied in chat; wingspan and hand width only. Standing reach and standing vertical leap manually transcribed from 2026 NBA Combine Stat Lab screenshots supplied in chat.,10.46,2.8,-1.2541238946558981,2023-2025 MP>=100 final DBPM model: Hand_Width + Standing_Vertical_Leap + Lane_Agility_Time + Wingspan_in + Weight_lbs,True,-0.3292409199999992,-0.3899758699999998,-0.0607349500000005,True,cameron carr,184.4,-0.3899758699999998,-0.8829139467573945,-0.4929380767573947,True,-0.8829139467573945,-1.2541238946558981,-0.3712099478985036,True
2026_prediction_v8_mp100_final,20260517_123413_CT,Meleek Thomas,"6' 6.75""",78.75,7.5,"100.0"" in.",100.0,31.5,True,True,True,Manual transcription from 2026 NBA Combine Stat Lab screenshots supplied in chat; wingspan and hand width only. Standing reach and standing vertical leap manually transcribed from 2026 NBA Combine Stat Lab screenshots supplied in chat.,11.57,2.97,-1.2958349324371028,2023-2025 MP>=100 final DBPM model: Hand_Width + Standing_Vertical_Leap + Lane_Agility_Time + Wingspan_in + Weight_lbs,True,-1.6911896800000008,-1.8418642600000013,-0.1506745800000004,True,meleek thomas,189.6,-1.8418642600000013,-1.148828258666725,0.6930360013332759,True,-1.148828258666725,-1.2958349324371028,-0.14700667377037768,True
2026_prediction_v8_mp100_final,20260517_123413_CT,Christian Anderson,"6' 6.25""",78.25,8.25,"96.5"" in.",96.5,31.0,True,True,True,Manual transcription from 2026 NBA Combine Stat Lab screenshots supplied in chat; wingspan and hand width only. Standing reach and standing vertical leap manually transcribed from 2026 NBA Combine Stat Lab screenshots supplied in chat.,10.85,2.85,-1.3927908379320848,2023-2025 MP>=100 final DBPM model: Hand_Width + Standing_Vertical_Leap + Lane_Agility_Time + Wingspan_in + Weight_lbs,True,-1.3052971500000012,-1.5374905500000011,-0.2321933999999998,True,christian anderson,180.4,-1.5374905500000011,-1.495670724884925,0.041819825115076,True,-1.495670724884925,-1.3927908379320848,0.10287988695284023,True
2026_prediction_v8_mp100_final,20260517_123413_CT,Braden Smith,"6' 3.25""",75.25,8.25,"93.5"" in.",93.5,31.0,True,True,True,Manual transcription from 2026 NBA Combine Stat Lab screenshots supplied in chat; wingspan and hand width only. Standing reach and standing vertical leap manually transcribed from 2026 NBA Combine Stat Lab screenshots supplied in chat.,10.76,2.87,-1.4658165555318239,2023-2025 MP>=100 final DBPM model: Hand_Width + Standing_Vertical_Leap + Lane_Agility_Time + Wingspan_in + Weight_lbs,True,-1.6275934600000008,-1.8520801400000009,-0.22448668,True,braden smith,166.6,-1.8520801400000009,-1.7377465376009136,0.1143336023990873,True,-1.7377465376009136,-1.4658165555318239,0.2719299820690897,True
2026_prediction_v8_mp100_final,20260517_123413_CT,Aaron Nkrumah,"6' 10.25""",82.25,8.5,"104.0"" in.",104.0,28.5,True,True,True,Manual transcription from 2026 NBA Combine Stat Lab screenshots supplied in chat; wingspan and hand width only. Standing reach and standing vertical leap manually transcribed from 2026 NBA Combine Stat Lab screenshots supplied in chat.,11.18,2.48,-1.4684784225339857,2023-2025 MP>=100 final DBPM model: Hand_Width + Standing_Vertical_Leap + Lane_Agility_Time + Wingspan_in + Weight_lbs,True,0.5805560300000003,0.5050425599999997,-0.0755134700000006,True,aaron nkrumah,188.8,0.5050425599999997,-1.5775677675957986,-2.0826103275957983,True,-1.5775677675957986,-1.4684784225339857,0.10908934506181289,True
2026_prediction_v8_mp100_final,20260517_123413_CT,Jayden Quaintance,"7' 5.25""",89.25,11.0,"109.0"" in.",109.0,,True,False,False,Manual transcription from 2026 NBA Combine Stat Lab screenshots supplied in chat; wingspan and hand width only. Standing reach and standing vertical leap manually transcribed from 2026 NBA Combine Stat Lab screenshots supplied in chat.,,,,2023-2025 MP>=100 final DBPM model: Hand_Width + Standing_Vertical_Leap + Lane_Agility_Time + Wingspan_in + Weight_lbs,False,,,,False,jayden quaintance,253.4,,,,False,,,,False
2026_prediction_v8_mp100_final,20260517_123413_CT,Luigi Suigo,"7' 5.50""",89.5,10.5,"114.0"" in.",114.0,,True,False,False,Manual transcription from 2026 NBA Combine Stat Lab screenshots supplied in chat; wingspan and hand width only. Standing reach and standing vertical leap manually transcribed from 2026 NBA Combine Stat Lab screenshots supplied in chat.,,,,2023-2025 MP>=100 final DBPM model: Hand_Width + Standing_Vertical_Leap + Lane_Agility_Time + Wingspan_in + Weight_lbs,False,,,,False,luigi suigo,289.0,,,,False,,,,False
2026_prediction_v8_mp100_final,20260517_123413_CT,Richie Saunders,"6' 8.75""",80.75,10.25,"102.5"" in.",102.5,,True,False,False,Manual transcription from 2026 NBA Combine Stat Lab screenshots supplied in chat; wingspan and hand width only. Standing reach and standing vertical leap manually transcribed from 2026 NBA Combine Stat Lab screenshots supplied in chat.,,,,2023-2025 MP>=100 final DBPM model: Hand_Width + Standing_Vertical_Leap + Lane_Agility_Time + Wingspan_in + Weight_lbs,False,,,,False,richie saunders,204.8,,,,False,,,,False
2026_prediction_v8_mp100_final,20260517_123413_CT,Tyler Bilodeau,"7' 0.75""",84.75,9.5,"107.0"" in.",107.0,,True,False,False,Manual transcription from 2026 NBA Combine Stat Lab screenshots supplied in chat; wingspan and hand width only. Standing reach and standing vertical leap manually transcribed from 2026 NBA Combine Stat Lab screenshots supplied in chat.,,,,2023-2025 MP>=100 final DBPM model: Hand_Width + Standing_Vertical_Leap + Lane_Agility_Time + Wingspan_in + Weight_lbs,False,,,,False,tyler bilodeau,228.2,,,,False,,,,False
